erm_record_id,risk_id,risk_name,risk_category,climate_risk_driver,time_horizon,reporting_year,entity_id,risk_owner_function,facility_id,counterparty_id,collateral_id,pcaf_asset_class,nace_code,exposure_at_risk_eur,likelihood_score,severity_score,risk_rating_score,risk_rating,financial_impact_eur,erm_integrated_flag,mitigation_status,control_effectiveness,residual_risk_score,residual_risk_rating,geo_id,country_code,postcode,geography_reference,linkage_source,data_source,created_from
ERM-RISK-001-2019,RISK-001,Flood risk - mortgage book,physical_acute,flood,short_term,2019,ENT-DE-003,Credit Risk,FAC-0047197,,COL-00015129,mortgage,H49.41,8488.97,3,4,12,medium,744.24,False,implemented,strong,8,medium,GEO-DE-00066,DE,20095-06,DE,collateral_register + geo_risk_db,synthetic_erm_risk_register,synthetic_erm_system_generation_v2_core_tables_aligned
ERM-RISK-001-2020,RISK-001,Flood risk - mortgage book,physical_acute,flood,short_term,2020,ENT-DE-003,Credit Risk,FAC-0025288,,COL-00008078,mortgage,C24.10,31586.93,3,4,12,medium,13288.81,False,implemented,moderate,10,medium,GEO-NL-00466,NL,2511-01,NL,collateral_register + geo_risk_db,synthetic_erm_risk_register,synthetic_erm_system_generation_v2_core_tables_aligned
ERM-RISK-001-2021,RISK-001,Flood risk - mortgage book,physical_acute,flood,short_term,2021,ENT-DE-003,Credit Risk,FAC-0008406,,COL-00002748,mortgage,H49.41,40912.03,3,4,12,medium,12382.67,False,in_progress,strong,8,medium,GEO-ES-00161,ES,08001-11,ES,collateral_register + geo_risk_db,synthetic_erm_risk_register,synthetic_erm_system_generation_v2_core_tables_aligned
ERM-RISK-001-2022,RISK-001,Flood risk - mortgage book,physical_acute,flood,short_term,2022,ENT-IT-007,Credit Risk,FAC-0040986,,COL-00013085,mortgage,C24.10,26762.64,3,4,12,medium,6334.41,True,in_progress,moderate,10,medium,GEO-ES-00161,ES,08001-11,ES,collateral_register + geo_risk_db,synthetic_erm_risk_register,synthetic_erm_system_generation_v2_core_tables_aligned
ERM-RISK-001-2023,RISK-001,Flood risk - mortgage book,physical_acute,flood,short_term,2023,ENT-GROUP-001,Credit Risk,FAC-0043611,,COL-00013943,mortgage,C24.10,13600.98,3,4,12,medium,3234.62,True,in_progress,moderate,10,medium,GEO-LU-00425,LU,L-4004,LU,collateral_register + geo_risk_db,synthetic_erm_risk_register,synthetic_erm_system_generation_v2_core_tables_aligned
ERM-RISK-001-2024,RISK-001,Flood risk - mortgage book,physical_acute,flood,short_term,2024,ENT-LU-009,Credit Risk,FAC-0002644,,COL-00000890,mortgage,C24.10,19997.01,3,4,12,medium,7660.28,False,in_progress,strong,8,medium,GEO-GB-00327,GB,L1 12AA,GB,collateral_register + geo_risk_db,synthetic_erm_risk_register,synthetic_erm_system_generation_v2_core_tables_aligned
ERM-RISK-002-2019,RISK-002,Storm surge - coastal collateral,physical_acute,storm_surge,short_term,2019,ENT-NL-004,Credit Risk,FAC-0039006,,COL-00012445,mortgage,H49.41,23997.95,3,4,12,medium,2541.41,True,not_started,strong,8,medium,GEO-DE-00066,DE,20095-06,DE,collateral_register + geo_risk_db,synthetic_erm_risk_register,synthetic_erm_system_generation_v2_core_tables_aligned
ERM-RISK-002-2020,RISK-002,Storm surge - coastal collateral,physical_acute,storm_surge,short_term,2020,ENT-IT-007,Credit Risk,FAC-0042781,,COL-00013645,mortgage,C24.10,51798.98,3,4,12,medium,12098.5,True,in_progress,weak,12,medium,GEO-ES-00161,ES,08001-11,ES,collateral_register + geo_risk_db,synthetic_erm_risk_register,synthetic_erm_system_generation_v2_core_tables_aligned
ERM-RISK-002-2021,RISK-002,Storm surge - coastal collateral,physical_acute,storm_surge,short_term,2021,ENT-ES-006,Credit Risk,FAC-0037104,,COL-00011820,commercial_re,C24.10,1927621.75,3,4,12,medium,585779.82,True,implemented,moderate,10,medium,GEO-NL-00466,NL,2511-01,NL,collateral_register + geo_risk_db,synthetic_erm_risk_register,synthetic_erm_system_generation_v2_core_tables_aligned
ERM-RISK-002-2022,RISK-002,Storm surge - coastal collateral,physical_acute,storm_surge,short_term,2022,ENT-UK-005,Credit Risk,FAC-0042688,,COL-00013614,mortgage,H49.41,9999.4,3,4,12,medium,2133.99,False,in_progress,weak,12,medium,GEO-NL-00466,NL,2511-01,NL,collateral_register + geo_risk_db,synthetic_erm_risk_register,synthetic_erm_system_generation_v2_core_tables_aligned
ERM-RISK-002-2023,RISK-002,Storm surge - coastal collateral,physical_acute,storm_surge,short_term,2023,ENT-FR-002,Credit Risk,FAC-0042705,,COL-00013618,commercial_re,C24.10,1537219.01,3,4,12,medium,558870.24,False,in_progress,strong,8,medium,GEO-ES-00161,ES,08001-11,ES,collateral_register + geo_risk_db,synthetic_erm_risk_register,synthetic_erm_system_generation_v2_core_tables_aligned
ERM-RISK-002-2024,RISK-002,Storm surge - coastal collateral,physical_acute,storm_surge,short_term,2024,ENT-US-010,Credit Risk,FAC-0009584,,COL-00003114,mortgage,H49.41,6417.55,3,4,12,medium,2175.19,True,in_progress,moderate,10,medium,GEO-LU-00425,LU,L-4004,LU,collateral_register + geo_risk_db,synthetic_erm_risk_register,synthetic_erm_system_generation_v2_core_tables_aligned
ERM-RISK-003-2019,RISK-003,Chronic heat - commercial real estate,physical_chronic,heat_stress,medium_term,2019,ENT-IT-007,Portfolio Risk,FAC-0037882,,COL-00012083,commercial_re,C24.10,679115.0,3,3,9,medium,115860.3,False,in_progress,weak,9,medium,GEO-DE-00076,DE,80331-01,DE,collateral_register + geo_risk_db,synthetic_erm_risk_register,synthetic_erm_system_generation_v2_core_tables_aligned
ERM-RISK-003-2020,RISK-003,Chronic heat - commercial real estate,physical_chronic,heat_stress,medium_term,2020,ENT-FR-002,Portfolio Risk,FAC-0019478,,COL-00006280,commercial_re,L68.20,355811.04,3,3,9,medium,117375.96,True,monitored,strong,5,low,GEO-GB-00335,GB,BS1 5AA,GB,collateral_register + geo_risk_db,synthetic_erm_risk_register,synthetic_erm_system_generation_v2_core_tables_aligned
ERM-RISK-003-2021,RISK-003,Chronic heat - commercial real estate,physical_chronic,heat_stress,medium_term,2021,ENT-LU-009,Portfolio Risk,FAC-0008954,,COL-00002939,commercial_re,H49.41,15535862.0,3,3,9,medium,6385875.61,True,in_progress,moderate,7,medium,GEO-IT-00352,IT,00100-07,IT,collateral_register + geo_risk_db,synthetic_erm_risk_register,synthetic_erm_system_generation_v2_core_tables_aligned
ERM-RISK-003-2022,RISK-003,Chronic heat - commercial real estate,physical_chronic,heat_stress,medium_term,2022,ENT-GROUP-001,Portfolio Risk,FAC-0028093,,COL-00008993,commercial_re,C24.10,2014525.48,3,3,9,medium,711949.04,False,in_progress,moderate,7,medium,GEO-FR-00239,FR,13001-14,FR,collateral_register + geo_risk_db,synthetic_erm_risk_register,synthetic_erm_system_generation_v2_core_tables_aligned
ERM-RISK-003-2023,RISK-003,Chronic heat - commercial real estate,physical_chronic,heat_stress,medium_term,2023,ENT-NL-004,Portfolio Risk,FAC-0040389,,COL-00012913,commercial_re,F41.20,3891692.8,3,3,9,medium,259364.47,True,in_progress,weak,9,medium,GEO-DE-00076,DE,80331-01,DE,collateral_register + geo_risk_db,synthetic_erm_risk_register,synthetic_erm_system_generation_v2_core_tables_aligned
ERM-RISK-003-2024,RISK-003,Chronic heat - commercial real estate,physical_chronic,heat_stress,medium_term,2024,ENT-DE-003,Portfolio Risk,FAC-0039013,,COL-00012448,commercial_re,C24.10,3219645.01,4,3,12,medium,1352405.6,True,in_progress,moderate,10,medium,GEO-ES-00166,ES,46001-01,ES,collateral_register + geo_risk_db,synthetic_erm_risk_register,synthetic_erm_system_generation_v2_core_tables_aligned
ERM-RISK-004-2019,RISK-004,Water stress - agribusiness borrowers,physical_chronic,water_stress,medium_term,2019,ENT-UK-005,Sector Risk,FAC-0016572,,COL-00005368,commercial_re,C24.10,340299.07,2,3,6,low,28276.13,False,in_progress,strong,2,low,GEO-GB-00335,GB,BS1 5AA,GB,collateral_register + geo_risk_db,synthetic_erm_risk_register,synthetic_erm_system_generation_v2_core_tables_aligned
ERM-RISK-004-2020,RISK-004,Water stress - agribusiness borrowers,physical_chronic,water_stress,medium_term,2020,ENT-UK-005,Sector Risk,FAC-0028111,,COL-00009001,commercial_re,C24.10,1141714.34,2,2,4,low,208508.55,False,in_progress,weak,4,low,GEO-FR-00239,FR,13001-14,FR,collateral_register + geo_risk_db,synthetic_erm_risk_register,synthetic_erm_system_generation_v2_core_tables_aligned
ERM-RISK-004-2021,RISK-004,Water stress - agribusiness borrowers,physical_chronic,water_stress,medium_term,2021,ENT-BE-008,Sector Risk,FAC-0049446,,COL-00015822,commercial_re,F41.20,4698124.07,2,3,6,low,438947.12,False,in_progress,moderate,4,low,GEO-FR-00239,FR,13001-14,FR,collateral_register + geo_risk_db,synthetic_erm_risk_register,synthetic_erm_system_generation_v2_core_tables_aligned
ERM-RISK-004-2022,RISK-004,Water stress - agribusiness borrowers,physical_chronic,water_stress,medium_term,2022,ENT-IT-007,Sector Risk,FAC-0021810,,COL-00006982,mortgage,C24.10,44235.63,3,3,9,medium,18419.93,True,not_started,moderate,7,medium,GEO-ES-00166,ES,46001-01,ES,collateral_register + geo_risk_db,synthetic_erm_risk_register,synthetic_erm_system_generation_v2_core_tables_aligned
ERM-RISK-004-2023,RISK-004,Water stress - agribusiness borrowers,physical_chronic,water_stress,medium_term,2023,ENT-UK-005,Sector Risk,FAC-0038895,,COL-00012409,mortgage,C24.10,8542.52,2,3,6,low,3683.19,False,in_progress,moderate,4,low,GEO-GB-00335,GB,BS1 5AA,GB,collateral_register + geo_risk_db,synthetic_erm_risk_register,synthetic_erm_system_generation_v2_core_tables_aligned
ERM-RISK-004-2024,RISK-004,Water stress - agribusiness borrowers,physical_chronic,water_stress,medium_term,2024,ENT-FR-002,Sector Risk,FAC-0042552,,COL-00013569,mortgage,H49.41,8368.35,2,3,6,low,1874.84,False,monitored,strong,2,low,GEO-US-00497,US,10001-02,US,collateral_register + geo_risk_db,synthetic_erm_risk_register,synthetic_erm_system_generation_v2_core_tables_aligned
ERM-RISK-005-2019,RISK-005,Carbon pricing - industrial loans,transition_policy,carbon_pricing,medium_term,2019,ENT-FR-002,Credit Risk,FAC-0030594,CP-0010845,,project_finance,C24.10,87187226.62,4,4,16,high,31283210.48,True,in_progress,weak,16,high,,GB,,,loan_book + counterparty_master,synthetic_erm_risk_register,synthetic_erm_system_generation_v2_core_tables_aligned
ERM-RISK-005-2020,RISK-005,Carbon pricing - industrial loans,transition_policy,carbon_pricing,medium_term,2020,ENT-FR-002,Credit Risk,FAC-0003675,CP-0003675,,mortgage,C24.10,53575.45,5,4,20,critical,7842.82,True,implemented,weak,20,critical,,ES,,,loan_book + counterparty_master,synthetic_erm_risk_register,synthetic_erm_system_generation_v2_core_tables_aligned
ERM-RISK-005-2021,RISK-005,Carbon pricing - industrial loans,transition_policy,carbon_pricing,medium_term,2021,ENT-IT-007,Credit Risk,FAC-0031115,CP-0007008,,business_loan,C24.10,133607.31,5,4,20,critical,48227.15,False,in_progress,weak,20,critical,,GB,,,loan_book + counterparty_master,synthetic_erm_risk_register,synthetic_erm_system_generation_v2_core_tables_aligned
ERM-RISK-005-2022,RISK-005,Carbon pricing - industrial loans,transition_policy,carbon_pricing,medium_term,2022,ENT-GROUP-001,Credit Risk,FAC-0028654,CP-0000828,,business_loan,H49.41,271925.36,4,4,16,high,87305.3,True,in_progress,moderate,14,high,,US,,,loan_book + counterparty_master,synthetic_erm_risk_register,synthetic_erm_system_generation_v2_core_tables_aligned
ERM-RISK-005-2023,RISK-005,Carbon pricing - industrial loans,transition_policy,carbon_pricing,medium_term,2023,ENT-IT-007,Credit Risk,FAC-0045993,CP-0008484,,commercial_re,C24.10,31825711.3,4,4,16,high,10998762.19,True,in_progress,strong,12,medium,,FR,,,loan_book + counterparty_master,synthetic_erm_risk_register,synthetic_erm_system_generation_v2_core_tables_aligned
ERM-RISK-005-2024,RISK-005,Carbon pricing - industrial loans,transition_policy,carbon_pricing,medium_term,2024,ENT-IT-007,Credit Risk,FAC-0015854,CP-0015854,,business_loan,C24.10,1015911.4,4,4,16,high,320160.09,False,in_progress,strong,12,medium,,DE,,,loan_book + counterparty_master,synthetic_erm_risk_register,synthetic_erm_system_generation_v2_core_tables_aligned
ERM-RISK-006-2019,RISK-006,Mandatory climate disclosure non-compliance,transition_policy,climate_disclosure_regulation,short_term,2019,ENT-FR-002,Compliance,FAC-0036230,CP-0011146,,business_loan,F41.20,32278733.0,3,4,12,medium,3425930.4,True,monitored,moderate,10,medium,,DE,,,loan_book + counterparty_master,synthetic_erm_risk_register,synthetic_erm_system_generation_v2_core_tables_aligned
ERM-RISK-006-2020,RISK-006,Mandatory climate disclosure non-compliance,transition_policy,climate_disclosure_regulation,short_term,2020,ENT-BE-008,Compliance,FAC-0015522,CP-0015522,,business_loan,L68.20,10331679.4,3,4,12,medium,3759753.72,True,in_progress,strong,8,medium,,FR,,,loan_book + counterparty_master,synthetic_erm_risk_register,synthetic_erm_system_generation_v2_core_tables_aligned
ERM-RISK-006-2021,RISK-006,Mandatory climate disclosure non-compliance,transition_policy,climate_disclosure_regulation,short_term,2021,ENT-BE-008,Compliance,FAC-0016806,CP-0016806,,business_loan,H49.41,27998623.76,2,4,8,medium,11118129.78,False,in_progress,moderate,6,low,,BE,,,loan_book + counterparty_master,synthetic_erm_risk_register,synthetic_erm_system_generation_v2_core_tables_aligned
ERM-RISK-006-2022,RISK-006,Mandatory climate disclosure non-compliance,transition_policy,climate_disclosure_regulation,short_term,2022,ENT-NL-004,Compliance,FAC-0024595,CP-0012216,,commercial_re,C24.10,3986989.04,4,4,16,high,923222.21,True,in_progress,strong,12,medium,,DE,,,loan_book + counterparty_master,synthetic_erm_risk_register,synthetic_erm_system_generation_v2_core_tables_aligned
ERM-RISK-006-2023,RISK-006,Mandatory climate disclosure non-compliance,transition_policy,climate_disclosure_regulation,short_term,2023,ENT-UK-005,Compliance,FAC-0022741,CP-0010450,,business_loan,H49.41,776906.81,4,4,16,high,84270.54,True,in_progress,weak,16,high,,LU,,,loan_book + counterparty_master,synthetic_erm_risk_register,synthetic_erm_system_generation_v2_core_tables_aligned
ERM-RISK-006-2024,RISK-006,Mandatory climate disclosure non-compliance,transition_policy,climate_disclosure_regulation,short_term,2024,ENT-GROUP-001,Compliance,FAC-0032380,CP-0001767,,project_finance,D35.11,24250708.42,4,4,16,high,2702628.88,True,not_started,weak,16,high,,BE,,,loan_book + counterparty_master,synthetic_erm_risk_register,synthetic_erm_system_generation_v2_core_tables_aligned
ERM-RISK-007-2019,RISK-007,Greenwashing litigation and conduct risk,transition_policy,greenwashing_litigation,short_term,2019,ENT-BE-008,Legal,FAC-0028448,CP-0005118,,business_loan,C24.10,17107357.45,3,4,12,medium,3548958.64,True,in_progress,strong,8,medium,,GB,,,loan_book + counterparty_master,synthetic_erm_risk_register,synthetic_erm_system_generation_v2_core_tables_aligned
ERM-RISK-007-2020,RISK-007,Greenwashing litigation and conduct risk,transition_policy,greenwashing_litigation,short_term,2020,ENT-UK-005,Legal,FAC-0043976,CP-0000930,,business_loan,F41.20,6876489.56,3,4,12,medium,1029788.9,True,in_progress,weak,12,medium,,FR,,,loan_book + counterparty_master,synthetic_erm_risk_register,synthetic_erm_system_generation_v2_core_tables_aligned
ERM-RISK-007-2021,RISK-007,Greenwashing litigation and conduct risk,transition_policy,greenwashing_litigation,short_term,2021,ENT-DE-003,Legal,FAC-0021587,CP-0015992,,business_loan,H49.41,14745002.34,3,4,12,medium,1043721.25,False,not_started,strong,8,medium,,IT,,,loan_book + counterparty_master,synthetic_erm_risk_register,synthetic_erm_system_generation_v2_core_tables_aligned
ERM-RISK-007-2022,RISK-007,Greenwashing litigation and conduct risk,transition_policy,greenwashing_litigation,short_term,2022,ENT-ES-006,Legal,FAC-0034595,CP-0016587,,business_loan,C24.10,1620129.91,3,4,12,medium,586148.45,False,implemented,weak,12,medium,,DE,,,loan_book + counterparty_master,synthetic_erm_risk_register,synthetic_erm_system_generation_v2_core_tables_aligned
ERM-RISK-007-2023,RISK-007,Greenwashing litigation and conduct risk,transition_policy,greenwashing_litigation,short_term,2023,ENT-GROUP-001,Legal,FAC-0042192,CP-0017601,,business_loan,G46.90,10365794.97,3,4,12,medium,2114993.25,False,in_progress,weak,12,medium,,FR,,,loan_book + counterparty_master,synthetic_erm_risk_register,synthetic_erm_system_generation_v2_core_tables_aligned
ERM-RISK-007-2024,RISK-007,Greenwashing litigation and conduct risk,transition_policy,greenwashing_litigation,short_term,2024,ENT-GROUP-001,Legal,FAC-0032517,CP-0007144,,business_loan,C24.10,647673.39,3,4,12,medium,127594.72,True,in_progress,moderate,10,medium,,LU,,,loan_book + counterparty_master,synthetic_erm_risk_register,synthetic_erm_system_generation_v2_core_tables_aligned
ERM-RISK-008-2019,RISK-008,Stranded assets - fossil fuel sector,transition_market,stranded_assets,long_term,2019,ENT-DE-003,Sector Risk,FAC-0041792,CP-0000450,,business_loan,G46.90,4598159.09,4,5,20,critical,1114429.02,True,in_progress,strong,16,high,,LU,,,loan_book + counterparty_master,synthetic_erm_risk_register,synthetic_erm_system_generation_v2_core_tables_aligned
ERM-RISK-008-2020,RISK-008,Stranded assets - fossil fuel sector,transition_market,stranded_assets,long_term,2020,ENT-ES-006,Sector Risk,FAC-0015933,CP-0015933,,business_loan,L68.20,6208603.04,4,5,20,critical,1882243.88,True,implemented,moderate,18,high,,ES,,,loan_book + counterparty_master,synthetic_erm_risk_register,synthetic_erm_system_generation_v2_core_tables_aligned
ERM-RISK-008-2021,RISK-008,Stranded assets - fossil fuel sector,transition_market,stranded_assets,long_term,2021,ENT-DE-003,Sector Risk,FAC-0028835,CP-0014857,,business_loan,C24.10,11005613.74,4,5,20,critical,3745059.04,True,monitored,weak,20,critical,,DE,,,loan_book + counterparty_master,synthetic_erm_risk_register,synthetic_erm_system_generation_v2_core_tables_aligned
ERM-RISK-008-2022,RISK-008,Stranded assets - fossil fuel sector,transition_market,stranded_assets,long_term,2022,ENT-DE-003,Sector Risk,FAC-0017394,CP-0017394,,business_loan,H49.41,775687.62,4,5,20,critical,281613.11,True,monitored,moderate,18,high,,GB,,,loan_book + counterparty_master,synthetic_erm_risk_register,synthetic_erm_system_generation_v2_core_tables_aligned
ERM-RISK-008-2023,RISK-008,Stranded assets - fossil fuel sector,transition_market,stranded_assets,long_term,2023,ENT-GROUP-001,Sector Risk,FAC-0037912,CP-0000117,,business_loan,C24.10,1730278.24,4,5,20,critical,482699.54,True,in_progress,strong,16,high,,DE,,,loan_book + counterparty_master,synthetic_erm_risk_register,synthetic_erm_system_generation_v2_core_tables_aligned
ERM-RISK-008-2024,RISK-008,Stranded assets - fossil fuel sector,transition_market,stranded_assets,long_term,2024,ENT-IT-007,Sector Risk,FAC-0013718,CP-0013718,,project_finance,D35.11,17518605.93,5,5,25,critical,7401514.55,True,in_progress,weak,25,critical,,US,,,loan_book + counterparty_master,synthetic_erm_risk_register,synthetic_erm_system_generation_v2_core_tables_aligned
ERM-RISK-009-2019,RISK-009,Market repricing of high-emission collateral,transition_market,collateral_repricing,medium_term,2019,ENT-ES-006,Market Risk,FAC-0001472,CP-0001472,,commercial_re,H49.41,2660855.75,3,4,12,medium,488147.57,False,implemented,moderate,10,medium,,IT,,,loan_book + counterparty_master,synthetic_erm_risk_register,synthetic_erm_system_generation_v2_core_tables_aligned
ERM-RISK-009-2020,RISK-009,Market repricing of high-emission collateral,transition_market,collateral_repricing,medium_term,2020,ENT-BE-008,Market Risk,FAC-0045023,CP-0014092,,commercial_re,G46.90,8359977.62,3,4,12,medium,912185.16,False,in_progress,moderate,10,medium,,GB,,,loan_book + counterparty_master,synthetic_erm_risk_register,synthetic_erm_system_generation_v2_core_tables_aligned
ERM-RISK-009-2021,RISK-009,Market repricing of high-emission collateral,transition_market,collateral_repricing,medium_term,2021,ENT-ES-006,Market Risk,FAC-0040003,CP-0006190,,commercial_re,G46.90,14216424.1,3,4,12,medium,3436789.61,True,monitored,moderate,10,medium,,DE,,,loan_book + counterparty_master,synthetic_erm_risk_register,synthetic_erm_system_generation_v2_core_tables_aligned
ERM-RISK-009-2022,RISK-009,Market repricing of high-emission collateral,transition_market,collateral_repricing,medium_term,2022,ENT-FR-002,Market Risk,FAC-0006330,CP-0006330,,commercial_re,C24.10,412704.96,4,4,16,high,125804.67,True,implemented,moderate,14,high,,NL,,,loan_book + counterparty_master,synthetic_erm_risk_register,synthetic_erm_system_generation_v2_core_tables_aligned
ERM-RISK-009-2023,RISK-009,Market repricing of high-emission collateral,transition_market,collateral_repricing,medium_term,2023,ENT-IT-007,Market Risk,FAC-0029605,CP-0009589,,commercial_re,F41.20,13432533.04,4,4,16,high,3135411.56,True,in_progress,strong,12,medium,,DE,,,loan_book + counterparty_master,synthetic_erm_risk_register,synthetic_erm_system_generation_v2_core_tables_aligned
ERM-RISK-009-2024,RISK-009,Market repricing of high-emission collateral,transition_market,collateral_repricing,medium_term,2024,ENT-BE-008,Market Risk,FAC-0032083,CP-0018255,,mortgage,C24.10,94230.99,4,4,16,high,37850.7,True,implemented,weak,16,high,,ES,,,loan_book + counterparty_master,synthetic_erm_risk_register,synthetic_erm_system_generation_v2_core_tables_aligned
ERM-RISK-010-2019,RISK-010,Client transition plan credibility risk,transition_market,transition_plan_credibility,medium_term,2019,ENT-UK-005,Relationship Banking,FAC-0037930,CP-0008253,,business_loan,G46.90,2263747.71,4,3,12,medium,925450.31,True,in_progress,weak,12,medium,,IT,,,loan_book + counterparty_master,synthetic_erm_risk_register,synthetic_erm_system_generation_v2_core_tables_aligned
ERM-RISK-010-2020,RISK-010,Client transition plan credibility risk,transition_market,transition_plan_credibility,medium_term,2020,ENT-GROUP-001,Relationship Banking,FAC-0030909,CP-0008917,,business_loan,C24.10,26862430.96,4,3,12,medium,8394714.25,True,not_started,weak,12,medium,,IT,,,loan_book + counterparty_master,synthetic_erm_risk_register,synthetic_erm_system_generation_v2_core_tables_aligned
ERM-RISK-010-2021,RISK-010,Client transition plan credibility risk,transition_market,transition_plan_credibility,medium_term,2021,ENT-IT-007,Relationship Banking,FAC-0032194,CP-0001019,,business_loan,G46.90,981361.6,4,3,12,medium,71534.17,False,monitored,strong,8,medium,,NL,,,loan_book + counterparty_master,synthetic_erm_risk_register,synthetic_erm_system_generation_v2_core_tables_aligned
ERM-RISK-010-2022,RISK-010,Client transition plan credibility risk,transition_market,transition_plan_credibility,medium_term,2022,ENT-DE-003,Relationship Banking,FAC-0011111,CP-0011111,,project_finance,G46.90,29431908.93,5,3,15,high,2942292.39,True,implemented,moderate,13,high,,GB,,,loan_book + counterparty_master,synthetic_erm_risk_register,synthetic_erm_system_generation_v2_core_tables_aligned
ERM-RISK-010-2023,RISK-010,Client transition plan credibility risk,transition_market,transition_plan_credibility,medium_term,2023,ENT-UK-005,Relationship Banking,FAC-0006204,CP-0006204,,business_loan,C24.10,468516.95,4,3,12,medium,74167.87,False,monitored,moderate,10,medium,,IT,,,loan_book + counterparty_master,synthetic_erm_risk_register,synthetic_erm_system_generation_v2_core_tables_aligned
ERM-RISK-010-2024,RISK-010,Client transition plan credibility risk,transition_market,transition_plan_credibility,medium_term,2024,ENT-DE-003,Relationship Banking,FAC-0035176,CP-0018012,,business_loan,C24.10,86056.66,5,3,15,high,34737.48,True,in_progress,weak,15,high,,LU,,,loan_book + counterparty_master,synthetic_erm_risk_register,synthetic_erm_system_generation_v2_core_tables_aligned
ERM-RISK-011-2019,RISK-011,Supply chain - Scope 3 data gaps,governance,scope3_data_gap,medium_term,2019,ENT-BE-008,Sustainability Office,FAC-0015791,CP-0015791,,business_loan,C24.10,19939855.99,4,3,12,medium,6072949.08,True,in_progress,strong,8,medium,,US,,,loan_book + counterparty_master,synthetic_erm_risk_register,synthetic_erm_system_generation_v2_core_tables_aligned
ERM-RISK-011-2020,RISK-011,Supply chain - Scope 3 data gaps,governance,scope3_data_gap,medium_term,2020,ENT-GROUP-001,Sustainability Office,FAC-0019441,CP-0019441,,business_loan,C24.10,784931.17,4,3,12,medium,243087.89,False,in_progress,moderate,10,medium,,BE,,,loan_book + counterparty_master,synthetic_erm_risk_register,synthetic_erm_system_generation_v2_core_tables_aligned
ERM-RISK-011-2021,RISK-011,Supply chain - Scope 3 data gaps,governance,scope3_data_gap,medium_term,2021,ENT-LU-009,Sustainability Office,FAC-0005413,CP-0005413,,commercial_re,F41.20,1864433.93,5,4,20,critical,300603.09,True,in_progress,moderate,18,high,,ES,,,loan_book + counterparty_master,synthetic_erm_risk_register,synthetic_erm_system_generation_v2_core_tables_aligned
ERM-RISK-011-2022,RISK-011,Supply chain - Scope 3 data gaps,governance,scope3_data_gap,medium_term,2022,ENT-DE-003,Sustainability Office,FAC-0042338,CP-0011113,,commercial_re,C24.10,4246216.74,4,3,12,medium,581949.99,True,in_progress,weak,12,medium,,NL,,,loan_book + counterparty_master,synthetic_erm_risk_register,synthetic_erm_system_generation_v2_core_tables_aligned
ERM-RISK-011-2023,RISK-011,Supply chain - Scope 3 data gaps,governance,scope3_data_gap,medium_term,2023,ENT-DE-003,Sustainability Office,FAC-0023584,CP-0019067,,project_finance,D35.11,68617402.76,5,3,15,high,12362735.12,True,implemented,moderate,13,high,,GB,,,loan_book + counterparty_master,synthetic_erm_risk_register,synthetic_erm_system_generation_v2_core_tables_aligned
ERM-RISK-011-2024,RISK-011,Supply chain - Scope 3 data gaps,governance,scope3_data_gap,medium_term,2024,ENT-GROUP-001,Sustainability Office,FAC-0030847,CP-0002957,,project_finance,F41.20,51887796.57,4,3,12,medium,11548525.65,False,in_progress,moderate,10,medium,,GB,,,loan_book + counterparty_master,synthetic_erm_risk_register,synthetic_erm_system_generation_v2_core_tables_aligned
ERM-RISK-012-2019,RISK-012,ESG data quality and lineage weakness,governance,data_quality_lineage,short_term,2019,ENT-ES-006,Data Governance,FAC-0031469,CP-0005978,,business_loan,C24.10,646241.22,4,4,16,high,166801.35,True,in_progress,strong,12,medium,,GB,,,loan_book + counterparty_master,synthetic_erm_risk_register,synthetic_erm_system_generation_v2_core_tables_aligned
ERM-RISK-012-2020,RISK-012,ESG data quality and lineage weakness,governance,data_quality_lineage,short_term,2020,ENT-GROUP-001,Data Governance,FAC-0006450,CP-0006450,,business_loan,H49.41,3750598.28,4,4,16,high,608514.22,True,in_progress,moderate,14,high,,FR,,,loan_book + counterparty_master,synthetic_erm_risk_register,synthetic_erm_system_generation_v2_core_tables_aligned
ERM-RISK-012-2021,RISK-012,ESG data quality and lineage weakness,governance,data_quality_lineage,short_term,2021,ENT-DE-003,Data Governance,FAC-0045775,CP-0006377,,commercial_re,F41.20,890723.76,4,4,16,high,177169.08,True,implemented,weak,16,high,,ES,,,loan_book + counterparty_master,synthetic_erm_risk_register,synthetic_erm_system_generation_v2_core_tables_aligned
ERM-RISK-012-2022,RISK-012,ESG data quality and lineage weakness,governance,data_quality_lineage,short_term,2022,ENT-DE-003,Data Governance,FAC-0001418,CP-0001418,,business_loan,C24.10,3447216.23,3,4,12,medium,1237005.82,True,implemented,moderate,10,medium,,US,,,loan_book + counterparty_master,synthetic_erm_risk_register,synthetic_erm_system_generation_v2_core_tables_aligned
ERM-RISK-012-2023,RISK-012,ESG data quality and lineage weakness,governance,data_quality_lineage,short_term,2023,ENT-BE-008,Data Governance,FAC-0021857,CP-0010853,,business_loan,L68.20,6048202.12,4,4,16,high,1572746.18,True,in_progress,strong,12,medium,,BE,,,loan_book + counterparty_master,synthetic_erm_risk_register,synthetic_erm_system_generation_v2_core_tables_aligned
ERM-RISK-012-2024,RISK-012,ESG data quality and lineage weakness,governance,data_quality_lineage,short_term,2024,ENT-IT-007,Data Governance,FAC-0021918,CP-0000732,,business_loan,C24.10,1391182.59,5,4,20,critical,620646.43,True,in_progress,moderate,18,high,,LU,,,loan_book + counterparty_master,synthetic_erm_risk_register,synthetic_erm_system_generation_v2_core_tables_aligned
ERM-RISK-013-2019,RISK-013,Board climate competence gap,governance,board_competence,short_term,2019,ENT-UK-005,Board Secretariat,FAC-0005393,CP-0005393,,business_loan,H49.41,36818555.08,3,3,9,medium,4059952.23,True,monitored,weak,9,medium,,BE,,,loan_book + counterparty_master,synthetic_erm_risk_register,synthetic_erm_system_generation_v2_core_tables_aligned
ERM-RISK-013-2020,RISK-013,Board climate competence gap,governance,board_competence,short_term,2020,ENT-LU-009,Board Secretariat,FAC-0006401,CP-0006401,,business_loan,C24.10,2255993.08,2,3,6,low,642006.15,False,not_started,moderate,4,low,,IT,,,loan_book + counterparty_master,synthetic_erm_risk_register,synthetic_erm_system_generation_v2_core_tables_aligned
ERM-RISK-013-2021,RISK-013,Board climate competence gap,governance,board_competence,short_term,2021,ENT-DE-003,Board Secretariat,FAC-0022932,CP-0002475,,business_loan,L68.20,13795872.46,3,3,9,medium,4899758.72,True,in_progress,moderate,7,medium,,DE,,,loan_book + counterparty_master,synthetic_erm_risk_register,synthetic_erm_system_generation_v2_core_tables_aligned
ERM-RISK-013-2022,RISK-013,Board climate competence gap,governance,board_competence,short_term,2022,ENT-GROUP-001,Board Secretariat,FAC-0006011,CP-0006011,,commercial_re,F41.20,6082481.2,3,3,9,medium,2174189.21,False,in_progress,strong,5,low,,FR,,,loan_book + counterparty_master,synthetic_erm_risk_register,synthetic_erm_system_generation_v2_core_tables_aligned
ERM-RISK-013-2023,RISK-013,Board climate competence gap,governance,board_competence,short_term,2023,ENT-IT-007,Board Secretariat,FAC-0027296,CP-0013171,,project_finance,C24.10,500000000.0,3,3,9,medium,12824194.95,False,implemented,weak,9,medium,,BE,,,loan_book + counterparty_master,synthetic_erm_risk_register,synthetic_erm_system_generation_v2_core_tables_aligned
ERM-RISK-013-2024,RISK-013,Board climate competence gap,governance,board_competence,short_term,2024,ENT-GROUP-001,Board Secretariat,FAC-0027497,CP-0010220,,business_loan,C24.10,15155363.88,3,3,9,medium,6380168.49,True,in_progress,moderate,7,medium,,ES,,,loan_book + counterparty_master,synthetic_erm_risk_register,synthetic_erm_system_generation_v2_core_tables_aligned
ERM-RISK-014-2019,RISK-014,Customer vulnerability and financial inclusion risk,social,customer_vulnerability,medium_term,2019,ENT-GROUP-001,Retail Banking,,,,,,1419329101.96,3,3,9,medium,9663163.03,True,implemented,strong,5,low,,ES,,,entity_master + portfolio_exposure,synthetic_erm_risk_register,synthetic_erm_system_generation_v2_core_tables_aligned
ERM-RISK-014-2020,RISK-014,Customer vulnerability and financial inclusion risk,social,customer_vulnerability,medium_term,2020,ENT-BE-008,Retail Banking,,,,,,3261124818.23,3,3,9,medium,28586383.84,True,implemented,moderate,7,medium,,ES,,,entity_master + portfolio_exposure,synthetic_erm_risk_register,synthetic_erm_system_generation_v2_core_tables_aligned
ERM-RISK-014-2021,RISK-014,Customer vulnerability and financial inclusion risk,social,customer_vulnerability,medium_term,2021,ENT-US-010,Retail Banking,,,,,,3252072748.1,3,3,9,medium,8756994.04,False,in_progress,strong,5,low,,GB,,,entity_master + portfolio_exposure,synthetic_erm_risk_register,synthetic_erm_system_generation_v2_core_tables_aligned
ERM-RISK-014-2022,RISK-014,Customer vulnerability and financial inclusion risk,social,customer_vulnerability,medium_term,2022,ENT-UK-005,Retail Banking,,,,,,3293715862.32,3,3,9,medium,37824456.17,False,monitored,strong,5,low,,LU,,,entity_master + portfolio_exposure,synthetic_erm_risk_register,synthetic_erm_system_generation_v2_core_tables_aligned
ERM-RISK-014-2023,RISK-014,Customer vulnerability and financial inclusion risk,social,customer_vulnerability,medium_term,2023,ENT-GROUP-001,Retail Banking,,,,,,1705432089.5,3,3,9,medium,22496738.19,False,monitored,strong,5,low,,DE,,,entity_master + portfolio_exposure,synthetic_erm_risk_register,synthetic_erm_system_generation_v2_core_tables_aligned
ERM-RISK-014-2024,RISK-014,Customer vulnerability and financial inclusion risk,social,customer_vulnerability,medium_term,2024,ENT-LU-009,Retail Banking,,,,,,758505168.63,3,3,9,medium,16045141.01,True,implemented,weak,9,medium,,NL,,,entity_master + portfolio_exposure,synthetic_erm_risk_register,synthetic_erm_system_generation_v2_core_tables_aligned
ERM-RISK-015-2019,RISK-015,Workforce sustainability skills shortage,social,workforce_skills,short_term,2019,ENT-UK-005,Human Resources,,,,,,3185057248.71,3,3,9,medium,5985513.35,False,in_progress,moderate,7,medium,,BE,,,entity_master + portfolio_exposure,synthetic_erm_risk_register,synthetic_erm_system_generation_v2_core_tables_aligned
ERM-RISK-015-2020,RISK-015,Workforce sustainability skills shortage,social,workforce_skills,short_term,2020,ENT-NL-004,Human Resources,,,,,,1382471688.71,3,3,9,medium,26722685.39,False,implemented,strong,5,low,,GB,,,entity_master + portfolio_exposure,synthetic_erm_risk_register,synthetic_erm_system_generation_v2_core_tables_aligned
ERM-RISK-015-2021,RISK-015,Workforce sustainability skills shortage,social,workforce_skills,short_term,2021,ENT-DE-003,Human Resources,,,,,,1745009342.32,3,3,9,medium,8418203.72,False,in_progress,weak,9,medium,,IT,,,entity_master + portfolio_exposure,synthetic_erm_risk_register,synthetic_erm_system_generation_v2_core_tables_aligned
ERM-RISK-015-2022,RISK-015,Workforce sustainability skills shortage,social,workforce_skills,short_term,2022,ENT-NL-004,Human Resources,,,,,,862732198.54,3,3,9,medium,12951461.64,True,in_progress,strong,5,low,,FR,,,entity_master + portfolio_exposure,synthetic_erm_risk_register,synthetic_erm_system_generation_v2_core_tables_aligned
ERM-RISK-015-2023,RISK-015,Workforce sustainability skills shortage,social,workforce_skills,short_term,2023,ENT-BE-008,Human Resources,,,,,,1962616695.69,3,3,9,medium,8524174.33,False,in_progress,strong,5,low,,US,,,entity_master + portfolio_exposure,synthetic_erm_risk_register,synthetic_erm_system_generation_v2_core_tables_aligned
ERM-RISK-015-2024,RISK-015,Workforce sustainability skills shortage,social,workforce_skills,short_term,2024,ENT-ES-006,Human Resources,,,,,,2474302914.49,3,3,9,medium,30375495.73,False,in_progress,moderate,7,medium,,DE,,,entity_master + portfolio_exposure,synthetic_erm_risk_register,synthetic_erm_system_generation_v2_core_tables_aligned
