"run_id","script","table","model","timestamp_utc","row_id","entity_id","reporting_year","prompt_tokens","completion_tokens","total_tokens","cost_usd","latency_s","status","error_msg"
"20260518T135916Z","generate_climate_policy_reference.py","climate_policy_reference","gpt-4o-mini","2026-05-18T13:59:23","POLREF-ENT-GROUP-001-2019","ENT-GROUP-001","2019","473","328","801","0.000268","6.923","ok",""
"20260518T135916Z","generate_climate_policy_reference.py","climate_policy_reference","gpt-4o-mini","2026-05-18T13:59:34","POLREF-ENT-GROUP-001-2020","ENT-GROUP-001","2020","473","455","928","0.000344","9.969","ok",""
"20260518T135916Z","generate_climate_policy_reference.py","climate_policy_reference","gpt-4o-mini","2026-05-18T13:59:42","POLREF-ENT-GROUP-001-2021","ENT-GROUP-001","2021","473","378","851","0.000298","7.463","ok",""
"20260518T135916Z","generate_climate_policy_reference.py","climate_policy_reference","gpt-4o-mini","2026-05-18T13:59:49","POLREF-ENT-GROUP-001-2022","ENT-GROUP-001","2022","473","282","755","0.00024","6.637","ok",""
"20260518T135916Z","generate_climate_policy_reference.py","climate_policy_reference","gpt-4o-mini","2026-05-18T13:59:58","POLREF-ENT-GROUP-001-2023","ENT-GROUP-001","2023","473","349","822","0.00028","8.731","ok",""
"20260518T135916Z","generate_climate_policy_reference.py","climate_policy_reference","gpt-4o-mini","2026-05-18T14:00:08","POLREF-ENT-GROUP-001-2024","ENT-GROUP-001","2024","490","330","820","0.000271","9.309","ok",""
"20260518T135916Z","generate_climate_policy_reference.py","climate_policy_reference","gpt-4o-mini","2026-05-18T14:00:15","POLREF-ENT-FR-002-2019","ENT-FR-002","2019","474","340","814","0.000275","7.064","ok",""
"20260518T135916Z","generate_climate_policy_reference.py","climate_policy_reference","gpt-4o-mini","2026-05-18T14:00:22","POLREF-ENT-FR-002-2020","ENT-FR-002","2020","474","341","815","0.000276","6.507","ok",""
"20260518T135916Z","generate_climate_policy_reference.py","climate_policy_reference","gpt-4o-mini","2026-05-18T14:00:32","POLREF-ENT-FR-002-2021","ENT-FR-002","2021","474","340","814","0.000275","8.666","ok",""
"20260518T135916Z","generate_climate_policy_reference.py","climate_policy_reference","gpt-4o-mini","2026-05-18T14:00:40","POLREF-ENT-FR-002-2022","ENT-FR-002","2022","474","317","791","0.000261","8.078","ok",""
"20260518T135916Z","generate_climate_policy_reference.py","climate_policy_reference","gpt-4o-mini","2026-05-18T14:00:48","POLREF-ENT-FR-002-2023","ENT-FR-002","2023","474","357","831","0.000285","7.386","ok",""
"20260518T135916Z","generate_climate_policy_reference.py","climate_policy_reference","gpt-4o-mini","2026-05-18T14:00:56","POLREF-ENT-FR-002-2024","ENT-FR-002","2024","491","351","842","0.000284","7.892","ok",""
"20260518T135916Z","generate_climate_policy_reference.py","climate_policy_reference","gpt-4o-mini","2026-05-18T14:01:07","POLREF-ENT-DE-003-2019","ENT-DE-003","2019","472","332","804","0.00027","10.005","ok",""
"20260518T135916Z","generate_climate_policy_reference.py","climate_policy_reference","gpt-4o-mini","2026-05-18T14:01:16","POLREF-ENT-DE-003-2020","ENT-DE-003","2020","472","337","809","0.000273","8.128","ok",""
"20260518T135916Z","generate_climate_policy_reference.py","climate_policy_reference","gpt-4o-mini","2026-05-18T14:01:26","POLREF-ENT-DE-003-2021","ENT-DE-003","2021","472","351","823","0.000281","10.214","ok",""
"20260518T135916Z","generate_climate_policy_reference.py","climate_policy_reference","gpt-4o-mini","2026-05-18T14:01:35","POLREF-ENT-DE-003-2022","ENT-DE-003","2022","472","362","834","0.000288","8.017","ok",""
"20260518T135916Z","generate_climate_policy_reference.py","climate_policy_reference","gpt-4o-mini","2026-05-18T14:01:42","POLREF-ENT-DE-003-2023","ENT-DE-003","2023","472","290","762","0.000245","6.942","ok",""
"20260518T135916Z","generate_climate_policy_reference.py","climate_policy_reference","gpt-4o-mini","2026-05-18T14:01:50","POLREF-ENT-DE-003-2024","ENT-DE-003","2024","489","390","879","0.000307","7.5","ok",""
"20260518T135916Z","generate_climate_policy_reference.py","climate_policy_reference","gpt-4o-mini","2026-05-18T14:01:57","POLREF-ENT-NL-004-2019","ENT-NL-004","2019","472","321","793","0.000263","6.764","ok",""
"20260518T135916Z","generate_climate_policy_reference.py","climate_policy_reference","gpt-4o-mini","2026-05-18T14:02:07","POLREF-ENT-NL-004-2020","ENT-NL-004","2020","472","401","873","0.000311","8.709","ok",""
"20260518T135916Z","generate_climate_policy_reference.py","climate_policy_reference","gpt-4o-mini","2026-05-18T14:02:15","POLREF-ENT-NL-004-2021","ENT-NL-004","2021","472","331","803","0.000269","7.662","ok",""
"20260518T135916Z","generate_climate_policy_reference.py","climate_policy_reference","gpt-4o-mini","2026-05-18T14:02:23","POLREF-ENT-NL-004-2022","ENT-NL-004","2022","472","317","789","0.000261","7.644","ok",""
"20260518T135916Z","generate_climate_policy_reference.py","climate_policy_reference","gpt-4o-mini","2026-05-18T14:02:30","POLREF-ENT-NL-004-2023","ENT-NL-004","2023","472","325","797","0.000266","6.934","ok",""
"20260518T135916Z","generate_climate_policy_reference.py","climate_policy_reference","gpt-4o-mini","2026-05-18T14:02:38","POLREF-ENT-NL-004-2024","ENT-NL-004","2024","489","275","764","0.000238","6.698","ok",""
"20260518T135916Z","generate_climate_policy_reference.py","climate_policy_reference","gpt-4o-mini","2026-05-18T14:02:44","POLREF-ENT-UK-005-2019","ENT-UK-005","2019","470","291","761","0.000245","5.723","ok",""
"20260518T135916Z","generate_climate_policy_reference.py","climate_policy_reference","gpt-4o-mini","2026-05-18T14:02:52","POLREF-ENT-UK-005-2020","ENT-UK-005","2020","470","365","835","0.000289","7.983","ok",""
"20260518T135916Z","generate_climate_policy_reference.py","climate_policy_reference","gpt-4o-mini","2026-05-18T14:03:00","POLREF-ENT-UK-005-2021","ENT-UK-005","2021","470","317","787","0.000261","7.414","ok",""
"20260518T135916Z","generate_climate_policy_reference.py","climate_policy_reference","gpt-4o-mini","2026-05-18T14:03:08","POLREF-ENT-UK-005-2022","ENT-UK-005","2022","470","328","798","0.000267","7.73","ok",""
"20260518T135916Z","generate_climate_policy_reference.py","climate_policy_reference","gpt-4o-mini","2026-05-18T14:03:18","POLREF-ENT-UK-005-2023","ENT-UK-005","2023","470","350","820","0.00028","8.702","ok",""
"20260518T135916Z","generate_climate_policy_reference.py","climate_policy_reference","gpt-4o-mini","2026-05-18T14:03:26","POLREF-ENT-UK-005-2024","ENT-UK-005","2024","487","390","877","0.000307","8.088","ok",""
"20260518T135916Z","generate_climate_policy_reference.py","climate_policy_reference","gpt-4o-mini","2026-05-18T14:03:32","POLREF-ENT-ES-006-2019","ENT-ES-006","2019","461","298","759","0.000248","5.552","ok",""
"20260518T135916Z","generate_climate_policy_reference.py","climate_policy_reference","gpt-4o-mini","2026-05-18T14:03:40","POLREF-ENT-ES-006-2020","ENT-ES-006","2020","461","310","771","0.000255","7.361","ok",""
"20260518T135916Z","generate_climate_policy_reference.py","climate_policy_reference","gpt-4o-mini","2026-05-18T14:03:49","POLREF-ENT-ES-006-2021","ENT-ES-006","2021","461","307","768","0.000253","8.129","ok",""
"20260518T135916Z","generate_climate_policy_reference.py","climate_policy_reference","gpt-4o-mini","2026-05-18T14:03:56","POLREF-ENT-ES-006-2022","ENT-ES-006","2022","461","294","755","0.000246","6.521","ok",""
"20260518T135916Z","generate_climate_policy_reference.py","climate_policy_reference","gpt-4o-mini","2026-05-18T14:04:05","POLREF-ENT-ES-006-2023","ENT-ES-006","2023","461","378","839","0.000296","8.332","ok",""
"20260518T135916Z","generate_climate_policy_reference.py","climate_policy_reference","gpt-4o-mini","2026-05-18T14:04:12","POLREF-ENT-ES-006-2024","ENT-ES-006","2024","478","307","785","0.000256","6.952","ok",""
"20260518T135916Z","generate_climate_policy_reference.py","climate_policy_reference","gpt-4o-mini","2026-05-18T14:04:20","POLREF-ENT-IT-007-2019","ENT-IT-007","2019","463","388","851","0.000302","7.014","ok",""
"20260518T135916Z","generate_climate_policy_reference.py","climate_policy_reference","gpt-4o-mini","2026-05-18T14:04:29","POLREF-ENT-IT-007-2020","ENT-IT-007","2020","463","390","853","0.000303","8.984","ok",""
"20260518T135916Z","generate_climate_policy_reference.py","climate_policy_reference","gpt-4o-mini","2026-05-18T14:04:38","POLREF-ENT-IT-007-2021","ENT-IT-007","2021","463","322","785","0.000263","7.914","ok",""
"20260518T135916Z","generate_climate_policy_reference.py","climate_policy_reference","gpt-4o-mini","2026-05-18T14:04:45","POLREF-ENT-IT-007-2022","ENT-IT-007","2022","463","325","788","0.000264","7.455","ok",""
"20260518T135916Z","generate_climate_policy_reference.py","climate_policy_reference","gpt-4o-mini","2026-05-18T14:04:52","POLREF-ENT-IT-007-2023","ENT-IT-007","2023","463","270","733","0.000231","6.398","ok",""
"20260518T135916Z","generate_climate_policy_reference.py","climate_policy_reference","gpt-4o-mini","2026-05-18T14:05:00","POLREF-ENT-IT-007-2024","ENT-IT-007","2024","480","330","810","0.00027","6.628","ok",""
"20260518T135916Z","generate_climate_policy_reference.py","climate_policy_reference","gpt-4o-mini","2026-05-18T14:05:09","POLREF-ENT-BE-008-2019","ENT-BE-008","2019","461","381","842","0.000298","8.587","ok",""
"20260518T135916Z","generate_climate_policy_reference.py","climate_policy_reference","gpt-4o-mini","2026-05-18T14:05:18","POLREF-ENT-BE-008-2020","ENT-BE-008","2020","461","329","790","0.000267","8.458","ok",""
"20260518T135916Z","generate_climate_policy_reference.py","climate_policy_reference","gpt-4o-mini","2026-05-18T14:05:27","POLREF-ENT-BE-008-2021","ENT-BE-008","2021","461","410","871","0.000315","8.777","ok",""
"20260518T135916Z","generate_climate_policy_reference.py","climate_policy_reference","gpt-4o-mini","2026-05-18T14:05:35","POLREF-ENT-BE-008-2022","ENT-BE-008","2022","461","312","773","0.000256","7.373","ok",""
"20260518T135916Z","generate_climate_policy_reference.py","climate_policy_reference","gpt-4o-mini","2026-05-18T14:05:43","POLREF-ENT-BE-008-2023","ENT-BE-008","2023","461","318","779","0.00026","7.501","ok",""
"20260518T135916Z","generate_climate_policy_reference.py","climate_policy_reference","gpt-4o-mini","2026-05-18T14:05:49","POLREF-ENT-BE-008-2024","ENT-BE-008","2024","478","310","788","0.000258","6.198","ok",""
"20260518T135916Z","generate_climate_policy_reference.py","climate_policy_reference","gpt-4o-mini","2026-05-18T14:05:57","POLREF-ENT-LU-009-2019","ENT-LU-009","2019","462","262","724","0.000227","6.777","ok",""
"20260518T135916Z","generate_climate_policy_reference.py","climate_policy_reference","gpt-4o-mini","2026-05-18T14:06:05","POLREF-ENT-LU-009-2020","ENT-LU-009","2020","462","323","785","0.000263","7.367","ok",""
"20260518T135916Z","generate_climate_policy_reference.py","climate_policy_reference","gpt-4o-mini","2026-05-18T14:06:12","POLREF-ENT-LU-009-2021","ENT-LU-009","2021","462","319","781","0.000261","6.565","ok",""
"20260518T135916Z","generate_climate_policy_reference.py","climate_policy_reference","gpt-4o-mini","2026-05-18T14:06:20","POLREF-ENT-LU-009-2022","ENT-LU-009","2022","462","347","809","0.000277","7.861","ok",""
"20260518T135916Z","generate_climate_policy_reference.py","climate_policy_reference","gpt-4o-mini","2026-05-18T14:06:30","POLREF-ENT-LU-009-2023","ENT-LU-009","2023","462","303","765","0.000251","9.326","ok",""
"20260518T135916Z","generate_climate_policy_reference.py","climate_policy_reference","gpt-4o-mini","2026-05-18T14:06:38","POLREF-ENT-LU-009-2024","ENT-LU-009","2024","479","348","827","0.000281","7.269","ok",""
"20260518T135916Z","generate_climate_policy_reference.py","climate_policy_reference","gpt-4o-mini","2026-05-18T14:06:46","POLREF-ENT-US-010-2019","ENT-US-010","2019","470","335","805","0.000271","7.411","ok",""
"20260518T135916Z","generate_climate_policy_reference.py","climate_policy_reference","gpt-4o-mini","2026-05-18T14:06:54","POLREF-ENT-US-010-2020","ENT-US-010","2020","470","384","854","0.000301","7.73","ok",""
"20260518T135916Z","generate_climate_policy_reference.py","climate_policy_reference","gpt-4o-mini","2026-05-18T14:07:02","POLREF-ENT-US-010-2021","ENT-US-010","2021","470","375","845","0.000295","7.612","ok",""
"20260518T135916Z","generate_climate_policy_reference.py","climate_policy_reference","gpt-4o-mini","2026-05-18T14:07:10","POLREF-ENT-US-010-2022","ENT-US-010","2022","470","354","824","0.000283","7.696","ok",""
"20260518T135916Z","generate_climate_policy_reference.py","climate_policy_reference","gpt-4o-mini","2026-05-18T14:07:18","POLREF-ENT-US-010-2023","ENT-US-010","2023","470","358","828","0.000285","7.697","ok",""
"20260518T135916Z","generate_climate_policy_reference.py","climate_policy_reference","gpt-4o-mini","2026-05-18T14:07:26","POLREF-ENT-US-010-2024","ENT-US-010","2024","487","405","892","0.000316","7.168","ok",""
"20260518T152111Z","generate_climate_policy_reference.py","climate_policy_reference","gpt-4o-mini","2026-05-18T15:21:18","POLREF-ENT-GROUP-001-2019","ENT-GROUP-001","2019","473","307","780","0.000255","6.644","ok",""
"20260518T152111Z","generate_climate_policy_reference.py","climate_policy_reference","gpt-4o-mini","2026-05-18T15:21:28","POLREF-ENT-GROUP-001-2020","ENT-GROUP-001","2020","473","420","893","0.000323","8.812","ok",""
"20260518T152111Z","generate_climate_policy_reference.py","climate_policy_reference","gpt-4o-mini","2026-05-18T15:21:35","POLREF-ENT-GROUP-001-2021","ENT-GROUP-001","2021","473","298","771","0.00025","7.107","ok",""
"20260518T152111Z","generate_climate_policy_reference.py","climate_policy_reference","gpt-4o-mini","2026-05-18T15:21:44","POLREF-ENT-GROUP-001-2022","ENT-GROUP-001","2022","473","332","805","0.00027","8.82","ok",""
"20260518T152111Z","generate_climate_policy_reference.py","climate_policy_reference","gpt-4o-mini","2026-05-18T15:21:52","POLREF-ENT-GROUP-001-2023","ENT-GROUP-001","2023","473","303","776","0.000253","7.022","ok",""
"20260518T152111Z","generate_climate_policy_reference.py","climate_policy_reference","gpt-4o-mini","2026-05-18T15:22:00","POLREF-ENT-GROUP-001-2024","ENT-GROUP-001","2024","490","318","808","0.000264","7.108","ok",""
"20260518T152111Z","generate_climate_policy_reference.py","climate_policy_reference","gpt-4o-mini","2026-05-18T15:22:07","POLREF-ENT-FR-002-2019","ENT-FR-002","2019","474","317","791","0.000261","7.322","ok",""
"20260518T152111Z","generate_climate_policy_reference.py","climate_policy_reference","gpt-4o-mini","2026-05-18T15:22:15","POLREF-ENT-FR-002-2020","ENT-FR-002","2020","474","371","845","0.000294","7.453","ok",""
"20260518T152111Z","generate_climate_policy_reference.py","climate_policy_reference","gpt-4o-mini","2026-05-18T15:22:23","POLREF-ENT-FR-002-2021","ENT-FR-002","2021","474","300","774","0.000251","7.244","ok",""
"20260518T152111Z","generate_climate_policy_reference.py","climate_policy_reference","gpt-4o-mini","2026-05-18T15:22:32","POLREF-ENT-FR-002-2022","ENT-FR-002","2022","474","314","788","0.000259","7.947","ok",""
"20260518T152111Z","generate_climate_policy_reference.py","climate_policy_reference","gpt-4o-mini","2026-05-18T15:22:43","POLREF-ENT-FR-002-2023","ENT-FR-002","2023","474","389","863","0.000304","10.523","ok",""
"20260518T152111Z","generate_climate_policy_reference.py","climate_policy_reference","gpt-4o-mini","2026-05-18T15:22:49","POLREF-ENT-FR-002-2024","ENT-FR-002","2024","491","319","810","0.000265","6.203","ok",""
"20260518T152111Z","generate_climate_policy_reference.py","climate_policy_reference","gpt-4o-mini","2026-05-18T15:22:59","POLREF-ENT-DE-003-2019","ENT-DE-003","2019","472","385","857","0.000302","9.136","ok",""
"20260518T152111Z","generate_climate_policy_reference.py","climate_policy_reference","gpt-4o-mini","2026-05-18T15:23:07","POLREF-ENT-DE-003-2020","ENT-DE-003","2020","472","352","824","0.000282","7.833","ok",""
"20260518T152111Z","generate_climate_policy_reference.py","climate_policy_reference","gpt-4o-mini","2026-05-18T15:23:16","POLREF-ENT-DE-003-2021","ENT-DE-003","2021","472","400","872","0.000311","8.263","ok",""
"20260518T152111Z","generate_climate_policy_reference.py","climate_policy_reference","gpt-4o-mini","2026-05-18T15:23:25","POLREF-ENT-DE-003-2022","ENT-DE-003","2022","472","370","842","0.000293","8.243","ok",""
"20260518T152111Z","generate_climate_policy_reference.py","climate_policy_reference","gpt-4o-mini","2026-05-18T15:23:38","POLREF-ENT-DE-003-2023","ENT-DE-003","2023","472","353","825","0.000283","12.705","ok",""
"20260518T152111Z","generate_climate_policy_reference.py","climate_policy_reference","gpt-4o-mini","2026-05-18T15:23:47","POLREF-ENT-DE-003-2024","ENT-DE-003","2024","489","361","850","0.00029","8.176","ok",""
"20260518T152111Z","generate_climate_policy_reference.py","climate_policy_reference","gpt-4o-mini","2026-05-18T15:23:55","POLREF-ENT-NL-004-2019","ENT-NL-004","2019","472","360","832","0.000287","7.812","ok",""
"20260518T152111Z","generate_climate_policy_reference.py","climate_policy_reference","gpt-4o-mini","2026-05-18T15:24:05","POLREF-ENT-NL-004-2020","ENT-NL-004","2020","472","347","819","0.000279","9.633","ok",""
"20260518T152111Z","generate_climate_policy_reference.py","climate_policy_reference","gpt-4o-mini","2026-05-18T15:24:14","POLREF-ENT-NL-004-2021","ENT-NL-004","2021","472","344","816","0.000277","8.187","ok",""
"20260518T152111Z","generate_climate_policy_reference.py","climate_policy_reference","gpt-4o-mini","2026-05-18T15:24:23","POLREF-ENT-NL-004-2022","ENT-NL-004","2022","472","364","836","0.000289","8.245","ok",""
"20260518T152111Z","generate_climate_policy_reference.py","climate_policy_reference","gpt-4o-mini","2026-05-18T15:24:32","POLREF-ENT-NL-004-2023","ENT-NL-004","2023","472","337","809","0.000273","8.498","ok",""
"20260518T152111Z","generate_climate_policy_reference.py","climate_policy_reference","gpt-4o-mini","2026-05-18T15:24:41","POLREF-ENT-NL-004-2024","ENT-NL-004","2024","489","393","882","0.000309","9.382","ok",""
"20260518T152111Z","generate_climate_policy_reference.py","climate_policy_reference","gpt-4o-mini","2026-05-18T15:24:49","POLREF-ENT-UK-005-2019","ENT-UK-005","2019","470","279","749","0.000238","7.549","ok",""
"20260518T152111Z","generate_climate_policy_reference.py","climate_policy_reference","gpt-4o-mini","2026-05-18T15:24:57","POLREF-ENT-UK-005-2020","ENT-UK-005","2020","470","362","832","0.000288","7.452","ok",""
"20260518T152111Z","generate_climate_policy_reference.py","climate_policy_reference","gpt-4o-mini","2026-05-18T15:25:06","POLREF-ENT-UK-005-2021","ENT-UK-005","2021","470","326","796","0.000266","8.267","ok",""
"20260518T152111Z","generate_climate_policy_reference.py","climate_policy_reference","gpt-4o-mini","2026-05-18T15:25:15","POLREF-ENT-UK-005-2022","ENT-UK-005","2022","470","299","769","0.00025","8.575","ok",""
"20260518T152111Z","generate_climate_policy_reference.py","climate_policy_reference","gpt-4o-mini","2026-05-18T15:25:24","POLREF-ENT-UK-005-2023","ENT-UK-005","2023","470","379","849","0.000298","8.415","ok",""
"20260518T152111Z","generate_climate_policy_reference.py","climate_policy_reference","gpt-4o-mini","2026-05-18T15:25:33","POLREF-ENT-UK-005-2024","ENT-UK-005","2024","487","356","843","0.000287","8.329","ok",""
"20260518T152111Z","generate_climate_policy_reference.py","climate_policy_reference","gpt-4o-mini","2026-05-18T15:25:42","POLREF-ENT-ES-006-2019","ENT-ES-006","2019","461","318","779","0.00026","8.831","ok",""
"20260518T152111Z","generate_climate_policy_reference.py","climate_policy_reference","gpt-4o-mini","2026-05-18T15:25:52","POLREF-ENT-ES-006-2020","ENT-ES-006","2020","461","304","765","0.000252","8.727","ok",""
"20260518T152111Z","generate_climate_policy_reference.py","climate_policy_reference","gpt-4o-mini","2026-05-18T15:26:00","POLREF-ENT-ES-006-2021","ENT-ES-006","2021","461","298","759","0.000248","8.089","ok",""
"20260518T152111Z","generate_climate_policy_reference.py","climate_policy_reference","gpt-4o-mini","2026-05-18T15:26:11","POLREF-ENT-ES-006-2022","ENT-ES-006","2022","461","334","795","0.00027","10.325","ok",""
"20260518T152111Z","generate_climate_policy_reference.py","climate_policy_reference","gpt-4o-mini","2026-05-18T15:26:22","POLREF-ENT-ES-006-2023","ENT-ES-006","2023","461","400","861","0.000309","10.025","ok",""
"20260518T152111Z","generate_climate_policy_reference.py","climate_policy_reference","gpt-4o-mini","2026-05-18T15:26:30","POLREF-ENT-ES-006-2024","ENT-ES-006","2024","478","324","802","0.000266","7.952","ok",""
"20260518T152111Z","generate_climate_policy_reference.py","climate_policy_reference","gpt-4o-mini","2026-05-18T15:26:39","POLREF-ENT-IT-007-2019","ENT-IT-007","2019","463","344","807","0.000276","8.786","ok",""
"20260518T152111Z","generate_climate_policy_reference.py","climate_policy_reference","gpt-4o-mini","2026-05-18T15:26:50","POLREF-ENT-IT-007-2020","ENT-IT-007","2020","463","315","778","0.000258","10.531","ok",""
"20260518T152111Z","generate_climate_policy_reference.py","climate_policy_reference","gpt-4o-mini","2026-05-18T15:27:02","POLREF-ENT-IT-007-2021","ENT-IT-007","2021","463","391","854","0.000304","10.864","ok",""
"20260518T152111Z","generate_climate_policy_reference.py","climate_policy_reference","gpt-4o-mini","2026-05-18T15:27:12","POLREF-ENT-IT-007-2022","ENT-IT-007","2022","463","366","829","0.000289","9.585","ok",""
"20260518T152111Z","generate_climate_policy_reference.py","climate_policy_reference","gpt-4o-mini","2026-05-18T15:27:20","POLREF-ENT-IT-007-2023","ENT-IT-007","2023","463","399","862","0.000309","7.994","ok",""
"20260518T152111Z","generate_climate_policy_reference.py","climate_policy_reference","gpt-4o-mini","2026-05-18T15:27:29","POLREF-ENT-IT-007-2024","ENT-IT-007","2024","480","322","802","0.000265","7.894","ok",""
"20260518T152111Z","generate_climate_policy_reference.py","climate_policy_reference","gpt-4o-mini","2026-05-18T15:27:40","POLREF-ENT-BE-008-2019","ENT-BE-008","2019","461","385","846","0.0003","11.136","ok",""
"20260518T152111Z","generate_climate_policy_reference.py","climate_policy_reference","gpt-4o-mini","2026-05-18T15:27:48","POLREF-ENT-BE-008-2020","ENT-BE-008","2020","461","315","776","0.000258","7.651","ok",""
"20260518T152111Z","generate_climate_policy_reference.py","climate_policy_reference","gpt-4o-mini","2026-05-18T15:27:58","POLREF-ENT-BE-008-2021","ENT-BE-008","2021","461","332","793","0.000268","9.078","ok",""
"20260518T152111Z","generate_climate_policy_reference.py","climate_policy_reference","gpt-4o-mini","2026-05-18T15:28:05","POLREF-ENT-BE-008-2022","ENT-BE-008","2022","461","313","774","0.000257","6.613","ok",""
"20260518T152111Z","generate_climate_policy_reference.py","climate_policy_reference","gpt-4o-mini","2026-05-18T15:28:15","POLREF-ENT-BE-008-2023","ENT-BE-008","2023","461","331","792","0.000268","9.558","ok",""
"20260518T152111Z","generate_climate_policy_reference.py","climate_policy_reference","gpt-4o-mini","2026-05-18T15:28:23","POLREF-ENT-BE-008-2024","ENT-BE-008","2024","478","294","772","0.000248","7.502","ok",""
"20260518T152111Z","generate_climate_policy_reference.py","climate_policy_reference","gpt-4o-mini","2026-05-18T15:28:33","POLREF-ENT-LU-009-2019","ENT-LU-009","2019","462","314","776","0.000258","9.392","ok",""
"20260518T152111Z","generate_climate_policy_reference.py","climate_policy_reference","gpt-4o-mini","2026-05-18T15:28:44","POLREF-ENT-LU-009-2020","ENT-LU-009","2020","462","364","826","0.000288","10.424","ok",""
"20260518T152111Z","generate_climate_policy_reference.py","climate_policy_reference","gpt-4o-mini","2026-05-18T15:28:51","POLREF-ENT-LU-009-2021","ENT-LU-009","2021","462","313","775","0.000257","6.995","ok",""
"20260518T152111Z","generate_climate_policy_reference.py","climate_policy_reference","gpt-4o-mini","2026-05-18T15:29:01","POLREF-ENT-LU-009-2022","ENT-LU-009","2022","462","329","791","0.000267","8.87","ok",""
"20260518T152111Z","generate_climate_policy_reference.py","climate_policy_reference","gpt-4o-mini","2026-05-18T15:29:11","POLREF-ENT-LU-009-2023","ENT-LU-009","2023","462","316","778","0.000259","9.966","ok",""
"20260518T152111Z","generate_climate_policy_reference.py","climate_policy_reference","gpt-4o-mini","2026-05-18T15:29:18","POLREF-ENT-LU-009-2024","ENT-LU-009","2024","479","284","763","0.000242","6.569","ok",""
"20260518T152111Z","generate_climate_policy_reference.py","climate_policy_reference","gpt-4o-mini","2026-05-18T15:29:28","POLREF-ENT-US-010-2019","ENT-US-010","2019","470","352","822","0.000282","8.656","ok",""
"20260518T152111Z","generate_climate_policy_reference.py","climate_policy_reference","gpt-4o-mini","2026-05-18T15:29:39","POLREF-ENT-US-010-2020","ENT-US-010","2020","470","425","895","0.000325","10.844","ok",""
"20260518T152111Z","generate_climate_policy_reference.py","climate_policy_reference","gpt-4o-mini","2026-05-18T15:29:49","POLREF-ENT-US-010-2021","ENT-US-010","2021","470","343","813","0.000276","9.332","ok",""
"20260518T152111Z","generate_climate_policy_reference.py","climate_policy_reference","gpt-4o-mini","2026-05-18T15:29:59","POLREF-ENT-US-010-2022","ENT-US-010","2022","470","406","876","0.000314","9.887","ok",""
"20260518T152111Z","generate_climate_policy_reference.py","climate_policy_reference","gpt-4o-mini","2026-05-18T15:30:08","POLREF-ENT-US-010-2023","ENT-US-010","2023","470","365","835","0.000289","8.834","ok",""
"20260518T152111Z","generate_climate_policy_reference.py","climate_policy_reference","gpt-4o-mini","2026-05-18T15:30:19","POLREF-ENT-US-010-2024","ENT-US-010","2024","487","308","795","0.000258","9.551","ok",""
"20260518T155800Z","generate_climate_policy_reference.py","climate_policy_reference_raw","gpt-4o-mini","2026-05-18T15:58:08","POLREF-ENT-GROUP-001-2019","ENT-GROUP-001","2019","711","357","1068","0.000321","7.14","ok",""
"20260518T155800Z","generate_climate_policy_reference.py","climate_policy_reference_raw","gpt-4o-mini","2026-05-18T15:58:16","POLREF-ENT-GROUP-001-2020","ENT-GROUP-001","2020","711","350","1061","0.000317","7.738","ok",""
"20260518T155800Z","generate_climate_policy_reference.py","climate_policy_reference_raw","gpt-4o-mini","2026-05-18T15:58:25","POLREF-ENT-GROUP-001-2021","ENT-GROUP-001","2021","711","405","1116","0.00035","8.258","ok",""
"20260518T155800Z","generate_climate_policy_reference.py","climate_policy_reference_raw","gpt-4o-mini","2026-05-18T15:58:34","POLREF-ENT-GROUP-001-2022","ENT-GROUP-001","2022","711","481","1192","0.000395","9.346","ok",""
"20260518T155800Z","generate_climate_policy_reference.py","climate_policy_reference_raw","gpt-4o-mini","2026-05-18T15:58:43","POLREF-ENT-GROUP-001-2023","ENT-GROUP-001","2023","711","383","1094","0.000336","8.143","ok",""
"20260518T155800Z","generate_climate_policy_reference.py","climate_policy_reference_raw","gpt-4o-mini","2026-05-18T15:58:51","POLREF-ENT-GROUP-001-2024","ENT-GROUP-001","2024","725","457","1182","0.000383","7.952","ok",""
"20260518T155800Z","generate_climate_policy_reference.py","climate_policy_reference_raw","gpt-4o-mini","2026-05-18T15:59:00","POLREF-ENT-FR-002-2019","ENT-FR-002","2019","714","415","1129","0.000356","7.737","ok",""
"20260518T155800Z","generate_climate_policy_reference.py","climate_policy_reference_raw","gpt-4o-mini","2026-05-18T15:59:08","POLREF-ENT-FR-002-2020","ENT-FR-002","2020","714","364","1078","0.000325","8.172","ok",""
"20260518T155800Z","generate_climate_policy_reference.py","climate_policy_reference_raw","gpt-4o-mini","2026-05-18T15:59:16","POLREF-ENT-FR-002-2021","ENT-FR-002","2021","714","352","1066","0.000318","6.628","ok",""
"20260518T155800Z","generate_climate_policy_reference.py","climate_policy_reference_raw","gpt-4o-mini","2026-05-18T15:59:23","POLREF-ENT-FR-002-2022","ENT-FR-002","2022","714","363","1077","0.000325","7.043","ok",""
"20260518T155800Z","generate_climate_policy_reference.py","climate_policy_reference_raw","gpt-4o-mini","2026-05-18T15:59:30","POLREF-ENT-FR-002-2023","ENT-FR-002","2023","714","346","1060","0.000315","6.593","ok",""
"20260518T155800Z","generate_climate_policy_reference.py","climate_policy_reference_raw","gpt-4o-mini","2026-05-18T15:59:41","POLREF-ENT-FR-002-2024","ENT-FR-002","2024","728","492","1220","0.000404","10.159","ok",""
"20260518T155800Z","generate_climate_policy_reference.py","climate_policy_reference_raw","gpt-4o-mini","2026-05-18T15:59:49","POLREF-ENT-DE-003-2019","ENT-DE-003","2019","710","410","1120","0.000352","7.718","ok",""
"20260518T155800Z","generate_climate_policy_reference.py","climate_policy_reference_raw","gpt-4o-mini","2026-05-18T15:59:57","POLREF-ENT-DE-003-2020","ENT-DE-003","2020","710","341","1051","0.000311","7.574","ok",""
"20260518T155800Z","generate_climate_policy_reference.py","climate_policy_reference_raw","gpt-4o-mini","2026-05-18T16:00:04","POLREF-ENT-DE-003-2021","ENT-DE-003","2021","710","370","1080","0.000328","6.886","ok",""
"20260518T155800Z","generate_climate_policy_reference.py","climate_policy_reference_raw","gpt-4o-mini","2026-05-18T16:00:15","POLREF-ENT-DE-003-2022","ENT-DE-003","2022","710","448","1158","0.000375","9.646","ok",""
"20260518T155800Z","generate_climate_policy_reference.py","climate_policy_reference_raw","gpt-4o-mini","2026-05-18T16:00:26","POLREF-ENT-DE-003-2023","ENT-DE-003","2023","710","339","1049","0.00031","10.953","ok",""
"20260518T155800Z","generate_climate_policy_reference.py","climate_policy_reference_raw","gpt-4o-mini","2026-05-18T16:00:36","POLREF-ENT-DE-003-2024","ENT-DE-003","2024","724","455","1179","0.000382","9.394","ok",""
"20260518T155800Z","generate_climate_policy_reference.py","climate_policy_reference_raw","gpt-4o-mini","2026-05-18T16:00:44","POLREF-ENT-NL-004-2019","ENT-NL-004","2019","710","351","1061","0.000317","7.577","ok",""
"20260518T155800Z","generate_climate_policy_reference.py","climate_policy_reference_raw","gpt-4o-mini","2026-05-18T16:00:52","POLREF-ENT-NL-004-2020","ENT-NL-004","2020","710","337","1047","0.000309","7.216","ok",""
"20260518T155800Z","generate_climate_policy_reference.py","climate_policy_reference_raw","gpt-4o-mini","2026-05-18T16:01:01","POLREF-ENT-NL-004-2021","ENT-NL-004","2021","710","343","1053","0.000312","8.239","ok",""
"20260518T155800Z","generate_climate_policy_reference.py","climate_policy_reference_raw","gpt-4o-mini","2026-05-18T16:01:10","POLREF-ENT-NL-004-2022","ENT-NL-004","2022","710","321","1031","0.000299","8.471","ok",""
"20260518T155800Z","generate_climate_policy_reference.py","climate_policy_reference_raw","gpt-4o-mini","2026-05-18T16:01:19","POLREF-ENT-NL-004-2023","ENT-NL-004","2023","710","363","1073","0.000324","8.557","ok",""
"20260518T155800Z","generate_climate_policy_reference.py","climate_policy_reference_raw","gpt-4o-mini","2026-05-18T16:01:28","POLREF-ENT-NL-004-2024","ENT-NL-004","2024","724","377","1101","0.000335","8.602","ok",""
"20260518T155800Z","generate_climate_policy_reference.py","climate_policy_reference_raw","gpt-4o-mini","2026-05-18T16:01:35","POLREF-ENT-UK-005-2019","ENT-UK-005","2019","711","350","1061","0.000317","7.047","ok",""
"20260518T155800Z","generate_climate_policy_reference.py","climate_policy_reference_raw","gpt-4o-mini","2026-05-18T16:01:44","POLREF-ENT-UK-005-2020","ENT-UK-005","2020","711","376","1087","0.000332","7.933","ok",""
"20260518T155800Z","generate_climate_policy_reference.py","climate_policy_reference_raw","gpt-4o-mini","2026-05-18T16:01:51","POLREF-ENT-UK-005-2021","ENT-UK-005","2021","711","303","1014","0.000288","6.518","ok",""
"20260518T155800Z","generate_climate_policy_reference.py","climate_policy_reference_raw","gpt-4o-mini","2026-05-18T16:01:59","POLREF-ENT-UK-005-2022","ENT-UK-005","2022","711","372","1083","0.00033","7.561","ok",""
"20260518T155800Z","generate_climate_policy_reference.py","climate_policy_reference_raw","gpt-4o-mini","2026-05-18T16:02:06","POLREF-ENT-UK-005-2023","ENT-UK-005","2023","711","324","1035","0.000301","6.3","ok",""
"20260518T155800Z","generate_climate_policy_reference.py","climate_policy_reference_raw","gpt-4o-mini","2026-05-18T16:02:15","POLREF-ENT-UK-005-2024","ENT-UK-005","2024","725","415","1140","0.000358","9.167","ok",""
"20260518T155800Z","generate_climate_policy_reference.py","climate_policy_reference_raw","gpt-4o-mini","2026-05-18T16:02:22","POLREF-ENT-ES-006-2019","ENT-ES-006","2019","703","337","1040","0.000308","6.758","ok",""
"20260518T155800Z","generate_climate_policy_reference.py","climate_policy_reference_raw","gpt-4o-mini","2026-05-18T16:02:31","POLREF-ENT-ES-006-2020","ENT-ES-006","2020","703","357","1060","0.00032","7.962","ok",""
"20260518T155800Z","generate_climate_policy_reference.py","climate_policy_reference_raw","gpt-4o-mini","2026-05-18T16:02:40","POLREF-ENT-ES-006-2021","ENT-ES-006","2021","703","388","1091","0.000338","8.197","ok",""
"20260518T155800Z","generate_climate_policy_reference.py","climate_policy_reference_raw","gpt-4o-mini","2026-05-18T16:02:48","POLREF-ENT-ES-006-2022","ENT-ES-006","2022","703","369","1072","0.000327","7.431","ok",""
"20260518T155800Z","generate_climate_policy_reference.py","climate_policy_reference_raw","gpt-4o-mini","2026-05-18T16:02:56","POLREF-ENT-ES-006-2023","ENT-ES-006","2023","703","418","1121","0.000356","8.375","ok",""
"20260518T155800Z","generate_climate_policy_reference.py","climate_policy_reference_raw","gpt-4o-mini","2026-05-18T16:03:06","POLREF-ENT-ES-006-2024","ENT-ES-006","2024","717","381","1098","0.000336","8.728","ok",""
"20260518T155800Z","generate_climate_policy_reference.py","climate_policy_reference_raw","gpt-4o-mini","2026-05-18T16:03:14","POLREF-ENT-IT-007-2019","ENT-IT-007","2019","705","337","1042","0.000308","7.763","ok",""
"20260518T155800Z","generate_climate_policy_reference.py","climate_policy_reference_raw","gpt-4o-mini","2026-05-18T16:03:26","POLREF-ENT-IT-007-2020","ENT-IT-007","2020","705","382","1087","0.000335","11.351","ok",""
"20260518T155800Z","generate_climate_policy_reference.py","climate_policy_reference_raw","gpt-4o-mini","2026-05-18T16:03:36","POLREF-ENT-IT-007-2021","ENT-IT-007","2021","705","380","1085","0.000334","9.316","ok",""
"20260518T155800Z","generate_climate_policy_reference.py","climate_policy_reference_raw","gpt-4o-mini","2026-05-18T16:03:45","POLREF-ENT-IT-007-2022","ENT-IT-007","2022","705","407","1112","0.00035","9.204","ok",""
"20260518T155800Z","generate_climate_policy_reference.py","climate_policy_reference_raw","gpt-4o-mini","2026-05-18T16:03:55","POLREF-ENT-IT-007-2023","ENT-IT-007","2023","705","357","1062","0.00032","8.855","ok",""
"20260518T155800Z","generate_climate_policy_reference.py","climate_policy_reference_raw","gpt-4o-mini","2026-05-18T16:04:04","POLREF-ENT-IT-007-2024","ENT-IT-007","2024","719","438","1157","0.000371","9.168","ok",""
"20260518T155800Z","generate_climate_policy_reference.py","climate_policy_reference_raw","gpt-4o-mini","2026-05-18T16:04:14","POLREF-ENT-BE-008-2019","ENT-BE-008","2019","703","355","1058","0.000318","8.983","ok",""
"20260518T155800Z","generate_climate_policy_reference.py","climate_policy_reference_raw","gpt-4o-mini","2026-05-18T16:04:21","POLREF-ENT-BE-008-2020","ENT-BE-008","2020","703","355","1058","0.000318","6.557","ok",""
"20260518T155800Z","generate_climate_policy_reference.py","climate_policy_reference_raw","gpt-4o-mini","2026-05-18T16:04:29","POLREF-ENT-BE-008-2021","ENT-BE-008","2021","703","370","1073","0.000327","7.787","ok",""
"20260518T155800Z","generate_climate_policy_reference.py","climate_policy_reference_raw","gpt-4o-mini","2026-05-18T16:04:38","POLREF-ENT-BE-008-2022","ENT-BE-008","2022","703","407","1110","0.00035","8.541","ok",""
"20260518T155800Z","generate_climate_policy_reference.py","climate_policy_reference_raw","gpt-4o-mini","2026-05-18T16:04:45","POLREF-ENT-BE-008-2023","ENT-BE-008","2023","703","317","1020","0.000296","6.592","ok",""
"20260518T155800Z","generate_climate_policy_reference.py","climate_policy_reference_raw","gpt-4o-mini","2026-05-18T16:04:54","POLREF-ENT-BE-008-2024","ENT-BE-008","2024","717","373","1090","0.000331","7.858","ok",""
"20260518T155800Z","generate_climate_policy_reference.py","climate_policy_reference_raw","gpt-4o-mini","2026-05-18T16:05:03","POLREF-ENT-LU-009-2019","ENT-LU-009","2019","702","409","1111","0.000351","9.042","ok",""
"20260518T155800Z","generate_climate_policy_reference.py","climate_policy_reference_raw","gpt-4o-mini","2026-05-18T16:05:13","POLREF-ENT-LU-009-2020","ENT-LU-009","2020","702","412","1114","0.000352","9.573","ok",""
"20260518T155800Z","generate_climate_policy_reference.py","climate_policy_reference_raw","gpt-4o-mini","2026-05-18T16:05:21","POLREF-ENT-LU-009-2021","ENT-LU-009","2021","702","318","1020","0.000296","7.111","ok",""
"20260518T155800Z","generate_climate_policy_reference.py","climate_policy_reference_raw","gpt-4o-mini","2026-05-18T16:05:29","POLREF-ENT-LU-009-2022","ENT-LU-009","2022","702","319","1021","0.000297","7.216","ok",""
"20260518T155800Z","generate_climate_policy_reference.py","climate_policy_reference_raw","gpt-4o-mini","2026-05-18T16:05:37","POLREF-ENT-LU-009-2023","ENT-LU-009","2023","702","356","1058","0.000319","7.965","ok",""
"20260518T155800Z","generate_climate_policy_reference.py","climate_policy_reference_raw","gpt-4o-mini","2026-05-18T16:05:46","POLREF-ENT-LU-009-2024","ENT-LU-009","2024","716","396","1112","0.000345","8.863","ok",""
"20260518T155800Z","generate_climate_policy_reference.py","climate_policy_reference_raw","gpt-4o-mini","2026-05-18T16:05:53","POLREF-ENT-US-010-2019","ENT-US-010","2019","708","337","1045","0.000308","6.252","ok",""
"20260518T155800Z","generate_climate_policy_reference.py","climate_policy_reference_raw","gpt-4o-mini","2026-05-18T16:06:01","POLREF-ENT-US-010-2020","ENT-US-010","2020","708","352","1060","0.000317","7.305","ok",""
"20260518T155800Z","generate_climate_policy_reference.py","climate_policy_reference_raw","gpt-4o-mini","2026-05-18T16:06:08","POLREF-ENT-US-010-2021","ENT-US-010","2021","708","294","1002","0.000283","6.625","ok",""
"20260518T155800Z","generate_climate_policy_reference.py","climate_policy_reference_raw","gpt-4o-mini","2026-05-18T16:06:15","POLREF-ENT-US-010-2022","ENT-US-010","2022","708","324","1032","0.000301","6.369","ok",""
"20260518T155800Z","generate_climate_policy_reference.py","climate_policy_reference_raw","gpt-4o-mini","2026-05-18T16:06:22","POLREF-ENT-US-010-2023","ENT-US-010","2023","708","341","1049","0.000311","6.847","ok",""
"20260518T155800Z","generate_climate_policy_reference.py","climate_policy_reference_raw","gpt-4o-mini","2026-05-18T16:06:33","POLREF-ENT-US-010-2024","ENT-US-010","2024","722","397","1119","0.000346","9.75","ok",""
"20260518T165211Z","generate_climate_transition_plan.py","climate_transition_plan_raw","gpt-4o-mini","2026-05-18T16:52:31","TP-ENT-GROUP-001-2019","ENT-GROUP-001","2019","1994","1117","3111","0.000969","17.328","ok",""
"20260518T165211Z","generate_climate_transition_plan.py","climate_transition_plan_raw","gpt-4o-mini","2026-05-18T16:52:49","TP-ENT-GROUP-001-2020","ENT-GROUP-001","2020","2562","961","3523","0.000961","17.353","ok",""
"20260518T165211Z","generate_climate_transition_plan.py","climate_transition_plan_raw","gpt-4o-mini","2026-05-18T16:53:07","TP-ENT-GROUP-001-2021","ENT-GROUP-001","2021","2457","1012","3469","0.000976","17.579","ok",""
"20260518T165211Z","generate_climate_transition_plan.py","climate_transition_plan_raw","gpt-4o-mini","2026-05-18T16:53:27","TP-ENT-GROUP-001-2022","ENT-GROUP-001","2022","2559","1082","3641","0.001033","18.987","ok",""
"20260518T165211Z","generate_climate_transition_plan.py","climate_transition_plan_raw","gpt-4o-mini","2026-05-18T16:53:41","TP-ENT-GROUP-001-2023","ENT-GROUP-001","2023","2675","834","3509","0.000902","13.808","ok",""
"20260518T165211Z","generate_climate_transition_plan.py","climate_transition_plan_raw","gpt-4o-mini","2026-05-18T16:53:57","TP-ENT-GROUP-001-2024","ENT-GROUP-001","2024","2807","906","3713","0.000965","15.216","ok",""
"20260518T165211Z","generate_climate_transition_plan.py","climate_transition_plan_raw","gpt-4o-mini","2026-05-18T16:54:13","TP-ENT-FR-002-2019","ENT-FR-002","2019","2197","912","3109","0.000877","15.123","ok",""
"20260518T165211Z","generate_climate_transition_plan.py","climate_transition_plan_raw","gpt-4o-mini","2026-05-18T16:54:32","TP-ENT-FR-002-2020","ENT-FR-002","2020","0","0","0","0.0","18.357","error_attempt_1","JSON parse error: Unterminated string starting at: line 9 column 38 (char 6480)"
"20260518T165211Z","generate_climate_transition_plan.py","climate_transition_plan_raw","gpt-4o-mini","2026-05-18T16:54:53","TP-ENT-FR-002-2020","ENT-FR-002","2020","2543","1156","3699","0.001075","19.584","retry_1_ok",""
"20260518T165211Z","generate_climate_transition_plan.py","climate_transition_plan_raw","gpt-4o-mini","2026-05-18T16:55:09","TP-ENT-FR-002-2021","ENT-FR-002","2021","2460","1000","3460","0.000969","15.805","ok",""
"20260518T165211Z","generate_climate_transition_plan.py","climate_transition_plan_raw","gpt-4o-mini","2026-05-18T16:55:29","TP-ENT-FR-002-2022","ENT-FR-002","2022","2556","1141","3697","0.001068","19.737","ok",""
"20260518T165211Z","generate_climate_transition_plan.py","climate_transition_plan_raw","gpt-4o-mini","2026-05-18T16:55:46","TP-ENT-FR-002-2023","ENT-FR-002","2023","2487","899","3386","0.000912","15.845","ok",""
"20260518T165211Z","generate_climate_transition_plan.py","climate_transition_plan_raw","gpt-4o-mini","2026-05-18T16:56:04","TP-ENT-FR-002-2024","ENT-FR-002","2024","0","0","0","0.0","17.814","error_attempt_1","JSON parse error: Unterminated string starting at: line 9 column 38 (char 6002)"
"20260518T165211Z","generate_climate_transition_plan.py","climate_transition_plan_raw","gpt-4o-mini","2026-05-18T16:56:23","TP-ENT-FR-002-2024","ENT-FR-002","2024","0","0","0","0.0","17.873","error_attempt_2","JSON parse error: Unterminated string starting at: line 9 column 38 (char 5674)"
"20260518T165211Z","generate_climate_transition_plan.py","climate_transition_plan_raw","gpt-4o-mini","2026-05-18T16:56:42","TP-ENT-FR-002-2024","ENT-FR-002","2024","2585","1108","3693","0.001053","17.91","retry_2_ok",""
"20260518T165211Z","generate_climate_transition_plan.py","climate_transition_plan_raw","gpt-4o-mini","2026-05-18T16:57:00","TP-ENT-DE-003-2019","ENT-DE-003","2019","2097","1037","3134","0.000937","17.718","ok",""
"20260518T165211Z","generate_climate_transition_plan.py","climate_transition_plan_raw","gpt-4o-mini","2026-05-18T16:57:16","TP-ENT-DE-003-2020","ENT-DE-003","2020","2466","959","3425","0.000945","15.356","ok",""
"20260518T165211Z","generate_climate_transition_plan.py","climate_transition_plan_raw","gpt-4o-mini","2026-05-18T16:57:34","TP-ENT-DE-003-2021","ENT-DE-003","2021","2693","1132","3825","0.001083","17.283","ok",""
"20260518T165211Z","generate_climate_transition_plan.py","climate_transition_plan_raw","gpt-4o-mini","2026-05-18T16:57:54","TP-ENT-DE-003-2022","ENT-DE-003","2022","0","0","0","0.0","18.894","error_attempt_1","JSON parse error: Unterminated string starting at: line 9 column 38 (char 6089)"
"20260518T165211Z","generate_climate_transition_plan.py","climate_transition_plan_raw","gpt-4o-mini","2026-05-18T16:58:15","TP-ENT-DE-003-2022","ENT-DE-003","2022","2662","1143","3805","0.001085","20.354","retry_1_ok",""
"20260518T165211Z","generate_climate_transition_plan.py","climate_transition_plan_raw","gpt-4o-mini","2026-05-18T16:58:34","TP-ENT-DE-003-2023","ENT-DE-003","2023","2446","991","3437","0.000961","18.35","ok",""
"20260518T165211Z","generate_climate_transition_plan.py","climate_transition_plan_raw","gpt-4o-mini","2026-05-18T16:58:51","TP-ENT-DE-003-2024","ENT-DE-003","2024","2670","1002","3672","0.001002","16.231","ok",""
"20260518T165211Z","generate_climate_transition_plan.py","climate_transition_plan_raw","gpt-4o-mini","2026-05-18T16:59:08","TP-ENT-NL-004-2019","ENT-NL-004","2019","1972","891","2863","0.00083","16.555","ok",""
"20260518T165211Z","generate_climate_transition_plan.py","climate_transition_plan_raw","gpt-4o-mini","2026-05-18T16:59:27","TP-ENT-NL-004-2020","ENT-NL-004","2020","2459","948","3407","0.000938","18.293","ok",""
"20260518T165211Z","generate_climate_transition_plan.py","climate_transition_plan_raw","gpt-4o-mini","2026-05-18T16:59:47","TP-ENT-NL-004-2021","ENT-NL-004","2021","2442","1102","3544","0.001027","19.612","ok",""
"20260518T165211Z","generate_climate_transition_plan.py","climate_transition_plan_raw","gpt-4o-mini","2026-05-18T17:00:06","TP-ENT-NL-004-2022","ENT-NL-004","2022","2554","1081","3635","0.001032","18.179","ok",""
"20260518T165211Z","generate_climate_transition_plan.py","climate_transition_plan_raw","gpt-4o-mini","2026-05-18T17:00:29","TP-ENT-NL-004-2023","ENT-NL-004","2023","2471","1166","3637","0.00107","22.523","ok",""
"20260518T165211Z","generate_climate_transition_plan.py","climate_transition_plan_raw","gpt-4o-mini","2026-05-18T17:00:51","TP-ENT-NL-004-2024","ENT-NL-004","2024","0","0","0","0.0","21.934","error_attempt_1","JSON parse error: Unterminated string starting at: line 9 column 38 (char 5479)"
"20260518T165211Z","generate_climate_transition_plan.py","climate_transition_plan_raw","gpt-4o-mini","2026-05-18T17:01:11","TP-ENT-NL-004-2024","ENT-NL-004","2024","2547","1016","3563","0.000992","18.789","retry_1_ok",""
"20260518T165211Z","generate_climate_transition_plan.py","climate_transition_plan_raw","gpt-4o-mini","2026-05-18T17:01:30","TP-ENT-UK-005-2019","ENT-UK-005","2019","2082","1046","3128","0.00094","17.675","ok",""
"20260518T165211Z","generate_climate_transition_plan.py","climate_transition_plan_raw","gpt-4o-mini","2026-05-18T17:01:47","TP-ENT-UK-005-2020","ENT-UK-005","2020","2606","956","3562","0.000964","16.542","ok",""
"20260518T165211Z","generate_climate_transition_plan.py","climate_transition_plan_raw","gpt-4o-mini","2026-05-18T17:02:03","TP-ENT-UK-005-2021","ENT-UK-005","2021","2471","894","3365","0.000907","15.513","ok",""
"20260518T165211Z","generate_climate_transition_plan.py","climate_transition_plan_raw","gpt-4o-mini","2026-05-18T17:02:23","TP-ENT-UK-005-2022","ENT-UK-005","2022","0","0","0","0.0","19.519","error_attempt_1","JSON parse error: Unterminated string starting at: line 9 column 38 (char 5197)"
"20260518T165211Z","generate_climate_transition_plan.py","climate_transition_plan_raw","gpt-4o-mini","2026-05-18T17:02:39","TP-ENT-UK-005-2022","ENT-UK-005","2022","2498","887","3385","0.000907","15.5","retry_1_ok",""
"20260518T165211Z","generate_climate_transition_plan.py","climate_transition_plan_raw","gpt-4o-mini","2026-05-18T17:02:57","TP-ENT-UK-005-2023","ENT-UK-005","2023","2681","1120","3801","0.001074","16.792","ok",""
"20260518T165211Z","generate_climate_transition_plan.py","climate_transition_plan_raw","gpt-4o-mini","2026-05-18T17:03:17","TP-ENT-UK-005-2024","ENT-UK-005","2024","0","0","0","0.0","19.812","error_attempt_1","JSON parse error: Unterminated string starting at: line 9 column 38 (char 5985)"
"20260518T165211Z","generate_climate_transition_plan.py","climate_transition_plan_raw","gpt-4o-mini","2026-05-18T17:03:35","TP-ENT-UK-005-2024","ENT-UK-005","2024","2589","834","3423","0.000889","16.65","retry_1_ok",""
"20260518T165211Z","generate_climate_transition_plan.py","climate_transition_plan_raw","gpt-4o-mini","2026-05-18T17:03:52","TP-ENT-ES-006-2019","ENT-ES-006","2019","2088","1012","3100","0.00092","16.464","ok",""
"20260518T165211Z","generate_climate_transition_plan.py","climate_transition_plan_raw","gpt-4o-mini","2026-05-18T17:04:07","TP-ENT-ES-006-2020","ENT-ES-006","2020","2577","893","3470","0.000922","14.364","ok",""
"20260518T165211Z","generate_climate_transition_plan.py","climate_transition_plan_raw","gpt-4o-mini","2026-05-18T17:04:24","TP-ENT-ES-006-2021","ENT-ES-006","2021","2576","1004","3580","0.000989","16.838","ok",""
"20260518T165211Z","generate_climate_transition_plan.py","climate_transition_plan_raw","gpt-4o-mini","2026-05-18T17:04:44","TP-ENT-ES-006-2022","ENT-ES-006","2022","2544","1143","3687","0.001067","19.009","ok",""
"20260518T165211Z","generate_climate_transition_plan.py","climate_transition_plan_raw","gpt-4o-mini","2026-05-18T17:05:02","TP-ENT-ES-006-2023","ENT-ES-006","2023","2489","1049","3538","0.001003","17.455","ok",""
"20260518T165211Z","generate_climate_transition_plan.py","climate_transition_plan_raw","gpt-4o-mini","2026-05-18T17:05:19","TP-ENT-ES-006-2024","ENT-ES-006","2024","2571","1149","3720","0.001075","16.893","ok",""
"20260518T165211Z","generate_climate_transition_plan.py","climate_transition_plan_raw","gpt-4o-mini","2026-05-18T17:05:39","TP-ENT-IT-007-2019","ENT-IT-007","2019","2009","1150","3159","0.000991","18.827","ok",""
"20260518T165211Z","generate_climate_transition_plan.py","climate_transition_plan_raw","gpt-4o-mini","2026-05-18T17:05:55","TP-ENT-IT-007-2020","ENT-IT-007","2020","2490","1061","3551","0.00101","15.293","ok",""
"20260518T165211Z","generate_climate_transition_plan.py","climate_transition_plan_raw","gpt-4o-mini","2026-05-18T17:06:10","TP-ENT-IT-007-2021","ENT-IT-007","2021","2693","958","3651","0.000979","14.809","ok",""
"20260518T165211Z","generate_climate_transition_plan.py","climate_transition_plan_raw","gpt-4o-mini","2026-05-18T17:06:26","TP-ENT-IT-007-2022","ENT-IT-007","2022","2480","969","3449","0.000953","15.325","ok",""
"20260518T165211Z","generate_climate_transition_plan.py","climate_transition_plan_raw","gpt-4o-mini","2026-05-18T17:06:47","TP-ENT-IT-007-2023","ENT-IT-007","2023","2665","1170","3835","0.001102","20.076","ok",""
"20260518T165211Z","generate_climate_transition_plan.py","climate_transition_plan_raw","gpt-4o-mini","2026-05-18T17:07:02","TP-ENT-IT-007-2024","ENT-IT-007","2024","2807","1002","3809","0.001022","14.965","ok",""
"20260518T165211Z","generate_climate_transition_plan.py","climate_transition_plan_raw","gpt-4o-mini","2026-05-18T17:07:18","TP-ENT-BE-008-2019","ENT-BE-008","2019","2111","989","3100","0.00091","14.928","ok",""
"20260518T165211Z","generate_climate_transition_plan.py","climate_transition_plan_raw","gpt-4o-mini","2026-05-18T17:07:37","TP-ENT-BE-008-2020","ENT-BE-008","2020","2684","1028","3712","0.001019","18.237","ok",""
"20260518T165211Z","generate_climate_transition_plan.py","climate_transition_plan_raw","gpt-4o-mini","2026-05-18T17:07:53","TP-ENT-BE-008-2021","ENT-BE-008","2021","2596","1006","3602","0.000993","15.564","ok",""
"20260518T165211Z","generate_climate_transition_plan.py","climate_transition_plan_raw","gpt-4o-mini","2026-05-18T17:08:10","TP-ENT-BE-008-2022","ENT-BE-008","2022","2428","891","3319","0.000899","16.642","ok",""
"20260518T165211Z","generate_climate_transition_plan.py","climate_transition_plan_raw","gpt-4o-mini","2026-05-18T17:08:26","TP-ENT-BE-008-2023","ENT-BE-008","2023","2486","911","3397","0.000919","15.013","ok",""
"20260518T165211Z","generate_climate_transition_plan.py","climate_transition_plan_raw","gpt-4o-mini","2026-05-18T17:08:46","TP-ENT-BE-008-2024","ENT-BE-008","2024","2720","1113","3833","0.001076","19.528","ok",""
"20260518T165211Z","generate_climate_transition_plan.py","climate_transition_plan_raw","gpt-4o-mini","2026-05-18T17:09:03","TP-ENT-LU-009-2019","ENT-LU-009","2019","1985","954","2939","0.00087","16.805","ok",""
"20260518T165211Z","generate_climate_transition_plan.py","climate_transition_plan_raw","gpt-4o-mini","2026-05-18T17:09:18","TP-ENT-LU-009-2020","ENT-LU-009","2020","2476","1034","3510","0.000992","14.47","ok",""
"20260518T165211Z","generate_climate_transition_plan.py","climate_transition_plan_raw","gpt-4o-mini","2026-05-18T17:09:35","TP-ENT-LU-009-2021","ENT-LU-009","2021","2459","968","3427","0.00095","15.683","ok",""
"20260518T165211Z","generate_climate_transition_plan.py","climate_transition_plan_raw","gpt-4o-mini","2026-05-18T17:09:50","TP-ENT-LU-009-2022","ENT-LU-009","2022","2475","907","3382","0.000915","15.012","ok",""
"20260518T165211Z","generate_climate_transition_plan.py","climate_transition_plan_raw","gpt-4o-mini","2026-05-18T17:10:07","TP-ENT-LU-009-2023","ENT-LU-009","2023","2466","955","3421","0.000943","16.188","ok",""
"20260518T165211Z","generate_climate_transition_plan.py","climate_transition_plan_raw","gpt-4o-mini","2026-05-18T17:10:25","TP-ENT-LU-009-2024","ENT-LU-009","2024","2598","1082","3680","0.001039","17.22","ok",""
"20260518T165211Z","generate_climate_transition_plan.py","climate_transition_plan_raw","gpt-4o-mini","2026-05-18T17:10:39","TP-ENT-US-010-2019","ENT-US-010","2019","1973","907","2880","0.00084","13.755","ok",""
"20260518T165211Z","generate_climate_transition_plan.py","climate_transition_plan_raw","gpt-4o-mini","2026-05-18T17:10:56","TP-ENT-US-010-2020","ENT-US-010","2020","2482","1029","3511","0.00099","16.1","ok",""
"20260518T165211Z","generate_climate_transition_plan.py","climate_transition_plan_raw","gpt-4o-mini","2026-05-18T17:11:10","TP-ENT-US-010-2021","ENT-US-010","2021","2486","882","3368","0.000902","13.115","ok",""
"20260518T165211Z","generate_climate_transition_plan.py","climate_transition_plan_raw","gpt-4o-mini","2026-05-18T17:11:27","TP-ENT-US-010-2022","ENT-US-010","2022","2473","1006","3479","0.000975","16.239","ok",""
"20260518T165211Z","generate_climate_transition_plan.py","climate_transition_plan_raw","gpt-4o-mini","2026-05-18T17:11:43","TP-ENT-US-010-2023","ENT-US-010","2023","2473","1026","3499","0.000987","16.197","ok",""
"20260518T165211Z","generate_climate_transition_plan.py","climate_transition_plan_raw","gpt-4o-mini","2026-05-18T17:12:05","TP-ENT-US-010-2024","ENT-US-010","2024","0","0","0","0.0","21.317","error_attempt_1","JSON parse error: Unterminated string starting at: line 8 column 43 (char 5907)"
"20260518T165211Z","generate_climate_transition_plan.py","climate_transition_plan_raw","gpt-4o-mini","2026-05-18T17:12:25","TP-ENT-US-010-2024","ENT-US-010","2024","0","0","0","0.0","18.566","error_attempt_2","JSON parse error: Unterminated string starting at: line 9 column 38 (char 6291)"
"20260518T165211Z","generate_climate_transition_plan.py","climate_transition_plan_raw","gpt-4o-mini","2026-05-18T17:12:42","TP-ENT-US-010-2024","ENT-US-010","2024","0","0","0","0.0","16.588","error_attempt_3","JSON parse error: Unterminated string starting at: line 9 column 38 (char 5462)"
"20260518T165211Z","generate_climate_transition_plan.py","climate_transition_plan_raw","gpt-4o-mini","2026-05-18T17:12:43","TP-ENT-US-010-2024","ENT-US-010","2024","0","0","0","0.0","0.0","error_exhausted","All retries failed"
