"prepared_scenario_record_id","entity_id","legal_name","country_code","reporting_year","scenario_id","scenario_family","temperature_pathway_c","time_horizon_year","scenario_description","regulatory_regime","total_entity_exposure_eur","covered_sector_exposure_eur","total_financial_impact_eur","total_financial_impact_eur_m","max_sector_impact_pct","average_sector_impact_pct","sector_count","affected_nace_codes","affected_metric_names","coverage_pct_of_entity_book","business_model_impact_score","residual_risk_score","revenue_at_risk_pct","capital_adequacy_impact_pct","data_source","created_from"
"PESA-ENT-BE-008-2024-NGFS_DISORDERLY-2025","ENT-BE-008","Atlas Bank Belgium SA","BE","2024","NGFS_DISORDERLY","disorderly_transition","2.0","2025","Delayed and uneven transition; medium physical risk and elevated transition shocks.","CSRD","69504195893.11","278016783572.44","747977354.802279","747.977354802279","0.26636726832988067","0.038434337112980506","7","[""C24.10"", ""D35.11"", ""F41.20"", ""G46.90"", ""H49.41"", ""L68.20"", ""O84.11""]","[""collateral_value_loss_physical"", ""credit_loss_physical"", ""credit_loss_transition"", ""rwa_increase_transition""]","400.0","1.67","1.09","1.0762","0.269","Derived: loan_book_raw + scenario_model_out_raw + entity_master_raw","prepare_entity_scenario_analysis.py"
"PESA-ENT-BE-008-2024-NGFS_DISORDERLY-2030","ENT-BE-008","Atlas Bank Belgium SA","BE","2024","NGFS_DISORDERLY","disorderly_transition","2.0","2030","Delayed and uneven transition; medium physical risk and elevated transition shocks.","CSRD","69504195893.11","278016783572.44","4509662476.73784","4509.66247673784","1.6301837746098162","0.23172611681876099","7","[""C24.10"", ""D35.11"", ""F41.20"", ""G46.90"", ""H49.41"", ""L68.20"", ""O84.11""]","[""collateral_value_loss_physical"", ""credit_loss_physical"", ""credit_loss_transition"", ""rwa_increase_transition""]","400.0","4.17","2.71","6.4883","1.6221","Derived: loan_book_raw + scenario_model_out_raw + entity_master_raw","prepare_entity_scenario_analysis.py"
"PESA-ENT-BE-008-2024-NGFS_DISORDERLY-2040","ENT-BE-008","Atlas Bank Belgium SA","BE","2024","NGFS_DISORDERLY","disorderly_transition","2.0","2040","Delayed and uneven transition; medium physical risk and elevated transition shocks.","CSRD","69504195893.11","278016783572.44","12093509156.657482","12093.509156657483","4.443113796806395","0.6214172191466378","7","[""C24.10"", ""D35.11"", ""F41.20"", ""G46.90"", ""H49.41"", ""L68.20"", ""O84.11""]","[""collateral_value_loss_physical"", ""credit_loss_physical"", ""credit_loss_transition"", ""rwa_increase_transition""]","400.0","6.67","4.34","17.3997","4.3499","Derived: loan_book_raw + scenario_model_out_raw + entity_master_raw","prepare_entity_scenario_analysis.py"
"PESA-ENT-BE-008-2024-NGFS_DISORDERLY-2050","ENT-BE-008","Atlas Bank Belgium SA","BE","2024","NGFS_DISORDERLY","disorderly_transition","2.0","2050","Delayed and uneven transition; medium physical risk and elevated transition shocks.","CSRD","69504195893.11","278016783572.44","19529042667.763103","19529.042667763104","7.105595897244877","1.003487344326083","7","[""C24.10"", ""D35.11"", ""F41.20"", ""G46.90"", ""H49.41"", ""L68.20"", ""O84.11""]","[""collateral_value_loss_physical"", ""credit_loss_physical"", ""credit_loss_transition"", ""rwa_increase_transition""]","400.0","9.17","5.96","28.0976","7.0244","Derived: loan_book_raw + scenario_model_out_raw + entity_master_raw","prepare_entity_scenario_analysis.py"
"PESA-ENT-BE-008-2024-NGFS_HOT_HOUSE_WORLD-2025","ENT-BE-008","Atlas Bank Belgium SA","BE","2024","NGFS_HOT_HOUSE_WORLD","hot_house_world","3.5","2025","Limited climate policy response; high physical risk and lower transition cost.","CSRD","69504195893.11","278016783572.44","625784266.0366668","625.7842660366667","0.1128512634267674","0.032155523541498324","7","[""C24.10"", ""D35.11"", ""F41.20"", ""G46.90"", ""H49.41"", ""L68.20"", ""O84.11""]","[""collateral_value_loss_physical"", ""credit_loss_physical"", ""credit_loss_transition"", ""rwa_increase_transition""]","400.0","1.0","1.0","0.9004","0.2251","Derived: loan_book_raw + scenario_model_out_raw + entity_master_raw","prepare_entity_scenario_analysis.py"
"PESA-ENT-BE-008-2024-NGFS_HOT_HOUSE_WORLD-2030","ENT-BE-008","Atlas Bank Belgium SA","BE","2024","NGFS_HOT_HOUSE_WORLD","hot_house_world","3.5","2030","Limited climate policy response; high physical risk and lower transition cost.","CSRD","69504195893.11","278016783572.44","3785578493.4807158","3785.5784934807157","0.7089792176183265","0.19451952529304486","7","[""C24.10"", ""D35.11"", ""F41.20"", ""G46.90"", ""H49.41"", ""L68.20"", ""O84.11""]","[""collateral_value_loss_physical"", ""credit_loss_physical"", ""credit_loss_transition"", ""rwa_increase_transition""]","400.0","3.33","2.16","5.4465","1.3616","Derived: loan_book_raw + scenario_model_out_raw + entity_master_raw","prepare_entity_scenario_analysis.py"
"PESA-ENT-BE-008-2024-NGFS_HOT_HOUSE_WORLD-2040","ENT-BE-008","Atlas Bank Belgium SA","BE","2024","NGFS_HOT_HOUSE_WORLD","hot_house_world","3.5","2040","Limited climate policy response; high physical risk and lower transition cost.","CSRD","69504195893.11","278016783572.44","10125528900.948044","10125.528900948044","1.8491312790184904","0.5202938146825811","7","[""C24.10"", ""D35.11"", ""F41.20"", ""G46.90"", ""H49.41"", ""L68.20"", ""O84.11""]","[""collateral_value_loss_physical"", ""credit_loss_physical"", ""credit_loss_transition"", ""rwa_increase_transition""]","400.0","5.83","3.79","14.5682","3.642","Derived: loan_book_raw + scenario_model_out_raw + entity_master_raw","prepare_entity_scenario_analysis.py"
"PESA-ENT-BE-008-2024-NGFS_HOT_HOUSE_WORLD-2050","ENT-BE-008","Atlas Bank Belgium SA","BE","2024","NGFS_HOT_HOUSE_WORLD","hot_house_world","3.5","2050","Limited climate policy response; high physical risk and lower transition cost.","CSRD","69504195893.11","278016783572.44","16502594198.289263","16502.594198289262","3.135834156489726","0.8479752289070681","7","[""C24.10"", ""D35.11"", ""F41.20"", ""G46.90"", ""H49.41"", ""L68.20"", ""O84.11""]","[""collateral_value_loss_physical"", ""credit_loss_physical"", ""credit_loss_transition"", ""rwa_increase_transition""]","400.0","8.33","5.41","23.7433","5.9358","Derived: loan_book_raw + scenario_model_out_raw + entity_master_raw","prepare_entity_scenario_analysis.py"
"PESA-ENT-BE-008-2024-NGFS_NET_ZERO_2050-2025","ENT-BE-008","Atlas Bank Belgium SA","BE","2024","NGFS_NET_ZERO_2050","orderly_transition","1.5","2025","Orderly transition with early policy action; lower physical risk and higher near-term transition cost.","CSRD","69504195893.11","278016783572.44","886051239.5793506","886.0512395793506","0.38445983657932364","0.04552917521195423","7","[""C24.10"", ""D35.11"", ""F41.20"", ""G46.90"", ""H49.41"", ""L68.20"", ""O84.11""]","[""collateral_value_loss_physical"", ""credit_loss_physical"", ""credit_loss_transition"", ""rwa_increase_transition""]","400.0","2.5","1.62","1.2748","0.3187","Derived: loan_book_raw + scenario_model_out_raw + entity_master_raw","prepare_entity_scenario_analysis.py"
"PESA-ENT-BE-008-2024-NGFS_NET_ZERO_2050-2030","ENT-BE-008","Atlas Bank Belgium SA","BE","2024","NGFS_NET_ZERO_2050","orderly_transition","1.5","2030","Orderly transition with early policy action; lower physical risk and higher near-term transition cost.","CSRD","69504195893.11","278016783572.44","5287401725.102947","5287.401725102947","2.3220439006381084","0.27168974976265176","7","[""C24.10"", ""D35.11"", ""F41.20"", ""G46.90"", ""H49.41"", ""L68.20"", ""O84.11""]","[""collateral_value_loss_physical"", ""credit_loss_physical"", ""credit_loss_transition"", ""rwa_increase_transition""]","400.0","5.0","3.25","7.6073","1.9018","Derived: loan_book_raw + scenario_model_out_raw + entity_master_raw","prepare_entity_scenario_analysis.py"
"PESA-ENT-BE-008-2024-NGFS_NET_ZERO_2050-2040","ENT-BE-008","Atlas Bank Belgium SA","BE","2024","NGFS_NET_ZERO_2050","orderly_transition","1.5","2040","Orderly transition with early policy action; lower physical risk and higher near-term transition cost.","CSRD","69504195893.11","278016783572.44","13825172377.9473","13825.172377947301","5.824006820195669","0.7103976242162485","7","[""C24.10"", ""D35.11"", ""F41.20"", ""G46.90"", ""H49.41"", ""L68.20"", ""O84.11""]","[""collateral_value_loss_physical"", ""credit_loss_physical"", ""credit_loss_transition"", ""rwa_increase_transition""]","400.0","7.5","4.88","19.8911","4.9728","Derived: loan_book_raw + scenario_model_out_raw + entity_master_raw","prepare_entity_scenario_analysis.py"
"PESA-ENT-BE-008-2024-NGFS_NET_ZERO_2050-2050","ENT-BE-008","Atlas Bank Belgium SA","BE","2024","NGFS_NET_ZERO_2050","orderly_transition","1.5","2050","Orderly transition with early policy action; lower physical risk and higher near-term transition cost.","CSRD","69504195893.11","278016783572.44","23074987865.75759","23074.987865757594","9.985926623619278","1.1856934662746552","7","[""C24.10"", ""D35.11"", ""F41.20"", ""G46.90"", ""H49.41"", ""L68.20"", ""O84.11""]","[""collateral_value_loss_physical"", ""credit_loss_physical"", ""credit_loss_transition"", ""rwa_increase_transition""]","400.0","10.0","6.5","33.1994","8.2998","Derived: loan_book_raw + scenario_model_out_raw + entity_master_raw","prepare_entity_scenario_analysis.py"
"PESA-ENT-DE-003-2024-NGFS_DISORDERLY-2025","ENT-DE-003","Atlas Bank Deutschland AG","DE","2024","NGFS_DISORDERLY","disorderly_transition","2.0","2025","Delayed and uneven transition; medium physical risk and elevated transition shocks.","CSRD","68468992983.11","273875971932.44","727679228.2600081","727.6792282600081","0.260412772357381","0.03795666145234492","7","[""C24.10"", ""D35.11"", ""F41.20"", ""G46.90"", ""H49.41"", ""L68.20"", ""O84.11""]","[""collateral_value_loss_physical"", ""credit_loss_physical"", ""credit_loss_transition"", ""rwa_increase_transition""]","400.0","1.42","1.0","1.0628","0.2657","Derived: loan_book_raw + scenario_model_out_raw + entity_master_raw","prepare_entity_scenario_analysis.py"
"PESA-ENT-DE-003-2024-NGFS_DISORDERLY-2030","ENT-DE-003","Atlas Bank Deutschland AG","DE","2024","NGFS_DISORDERLY","disorderly_transition","2.0","2030","Delayed and uneven transition; medium physical risk and elevated transition shocks.","CSRD","68468992983.11","273875971932.44","4385500210.19539","4385.50021019539","1.5937418995205426","0.2287531927709447","7","[""C24.10"", ""D35.11"", ""F41.20"", ""G46.90"", ""H49.41"", ""L68.20"", ""O84.11""]","[""collateral_value_loss_physical"", ""credit_loss_physical"", ""credit_loss_transition"", ""rwa_increase_transition""]","400.0","3.92","2.55","6.4051","1.6013","Derived: loan_book_raw + scenario_model_out_raw + entity_master_raw","prepare_entity_scenario_analysis.py"
"PESA-ENT-DE-003-2024-NGFS_DISORDERLY-2040","ENT-DE-003","Atlas Bank Deutschland AG","DE","2024","NGFS_DISORDERLY","disorderly_transition","2.0","2040","Delayed and uneven transition; medium physical risk and elevated transition shocks.","CSRD","68468992983.11","273875971932.44","11764857390.643158","11764.857390643157","4.3437903950448975","0.6136697210384041","7","[""C24.10"", ""D35.11"", ""F41.20"", ""G46.90"", ""H49.41"", ""L68.20"", ""O84.11""]","[""collateral_value_loss_physical"", ""credit_loss_physical"", ""credit_loss_transition"", ""rwa_increase_transition""]","400.0","6.42","4.17","17.1828","4.2957","Derived: loan_book_raw + scenario_model_out_raw + entity_master_raw","prepare_entity_scenario_analysis.py"
"PESA-ENT-DE-003-2024-NGFS_DISORDERLY-2050","ENT-DE-003","Atlas Bank Deutschland AG","DE","2024","NGFS_DISORDERLY","disorderly_transition","2.0","2050","Delayed and uneven transition; medium physical risk and elevated transition shocks.","CSRD","68468992983.11","273875971932.44","19009139894.52151","19009.13989452151","6.946754150593196","0.9915405847187493","7","[""C24.10"", ""D35.11"", ""F41.20"", ""G46.90"", ""H49.41"", ""L68.20"", ""O84.11""]","[""collateral_value_loss_physical"", ""credit_loss_physical"", ""credit_loss_transition"", ""rwa_increase_transition""]","400.0","8.92","5.8","27.7631","6.9408","Derived: loan_book_raw + scenario_model_out_raw + entity_master_raw","prepare_entity_scenario_analysis.py"
"PESA-ENT-DE-003-2024-NGFS_HOT_HOUSE_WORLD-2025","ENT-DE-003","Atlas Bank Deutschland AG","DE","2024","NGFS_HOT_HOUSE_WORLD","hot_house_world","3.5","2025","Limited climate policy response; high physical risk and lower transition cost.","CSRD","68468992983.11","273875971932.44","609945077.5147204","609.9450775147204","0.11032853457280782","0.03181550044668615","7","[""C24.10"", ""D35.11"", ""F41.20"", ""G46.90"", ""H49.41"", ""L68.20"", ""O84.11""]","[""collateral_value_loss_physical"", ""credit_loss_physical"", ""credit_loss_transition"", ""rwa_increase_transition""]","400.0","1.0","1.0","0.8908","0.2227","Derived: loan_book_raw + scenario_model_out_raw + entity_master_raw","prepare_entity_scenario_analysis.py"
"PESA-ENT-DE-003-2024-NGFS_HOT_HOUSE_WORLD-2030","ENT-DE-003","Atlas Bank Deutschland AG","DE","2024","NGFS_HOT_HOUSE_WORLD","hot_house_world","3.5","2030","Limited climate policy response; high physical risk and lower transition cost.","CSRD","68468992983.11","273875971932.44","3688452045.941483","3688.4520459414834","0.6931303713153864","0.19239428604520478","7","[""C24.10"", ""D35.11"", ""F41.20"", ""G46.90"", ""H49.41"", ""L68.20"", ""O84.11""]","[""collateral_value_loss_physical"", ""credit_loss_physical"", ""credit_loss_transition"", ""rwa_increase_transition""]","400.0","3.17","2.06","5.387","1.3467","Derived: loan_book_raw + scenario_model_out_raw + entity_master_raw","prepare_entity_scenario_analysis.py"
"PESA-ENT-DE-003-2024-NGFS_HOT_HOUSE_WORLD-2040","ENT-DE-003","Atlas Bank Deutschland AG","DE","2024","NGFS_HOT_HOUSE_WORLD","hot_house_world","3.5","2040","Limited climate policy response; high physical risk and lower transition cost.","CSRD","68468992983.11","273875971932.44","9863401664.464142","9863.401664464142","1.8077949510883529","0.5144874048992228","7","[""C24.10"", ""D35.11"", ""F41.20"", ""G46.90"", ""H49.41"", ""L68.20"", ""O84.11""]","[""collateral_value_loss_physical"", ""credit_loss_physical"", ""credit_loss_transition"", ""rwa_increase_transition""]","400.0","5.58","3.63","14.4056","3.6014","Derived: loan_book_raw + scenario_model_out_raw + entity_master_raw","prepare_entity_scenario_analysis.py"
"PESA-ENT-DE-003-2024-NGFS_HOT_HOUSE_WORLD-2050","ENT-DE-003","Atlas Bank Deutschland AG","DE","2024","NGFS_HOT_HOUSE_WORLD","hot_house_world","3.5","2050","Limited climate policy response; high physical risk and lower transition cost.","CSRD","68468992983.11","273875971932.44","16073179373.616526","16073.179373616525","3.065734282836629","0.8383972006538928","7","[""C24.10"", ""D35.11"", ""F41.20"", ""G46.90"", ""H49.41"", ""L68.20"", ""O84.11""]","[""collateral_value_loss_physical"", ""credit_loss_physical"", ""credit_loss_transition"", ""rwa_increase_transition""]","400.0","8.17","5.31","23.4751","5.8688","Derived: loan_book_raw + scenario_model_out_raw + entity_master_raw","prepare_entity_scenario_analysis.py"
"PESA-ENT-DE-003-2024-NGFS_NET_ZERO_2050-2025","ENT-DE-003","Atlas Bank Deutschland AG","DE","2024","NGFS_NET_ZERO_2050","orderly_transition","1.5","2025","Orderly transition with early policy action; lower physical risk and higher near-term transition cost.","CSRD","68468992983.11","273875971932.44","861678176.7305719","861.6781767305719","0.3758654452231591","0.04494621471227397","7","[""C24.10"", ""D35.11"", ""F41.20"", ""G46.90"", ""H49.41"", ""L68.20"", ""O84.11""]","[""collateral_value_loss_physical"", ""credit_loss_physical"", ""credit_loss_transition"", ""rwa_increase_transition""]","400.0","2.25","1.46","1.2585","0.3146","Derived: loan_book_raw + scenario_model_out_raw + entity_master_raw","prepare_entity_scenario_analysis.py"
"PESA-ENT-DE-003-2024-NGFS_NET_ZERO_2050-2030","ENT-DE-003","Atlas Bank Deutschland AG","DE","2024","NGFS_NET_ZERO_2050","orderly_transition","1.5","2030","Orderly transition with early policy action; lower physical risk and higher near-term transition cost.","CSRD","68468992983.11","273875971932.44","5140313891.483529","5140.313891483529","2.270135867263701","0.268125221334628","7","[""C24.10"", ""D35.11"", ""F41.20"", ""G46.90"", ""H49.41"", ""L68.20"", ""O84.11""]","[""collateral_value_loss_physical"", ""credit_loss_physical"", ""credit_loss_transition"", ""rwa_increase_transition""]","400.0","4.75","3.09","7.5075","1.8769","Derived: loan_book_raw + scenario_model_out_raw + entity_master_raw","prepare_entity_scenario_analysis.py"
"PESA-ENT-DE-003-2024-NGFS_NET_ZERO_2050-2040","ENT-DE-003","Atlas Bank Deutschland AG","DE","2024","NGFS_NET_ZERO_2050","orderly_transition","1.5","2040","Orderly transition with early policy action; lower physical risk and higher near-term transition cost.","CSRD","68468992983.11","273875971932.44","13445330297.70972","13445.330297709721","5.693814303029041","0.7013252960997995","7","[""C24.10"", ""D35.11"", ""F41.20"", ""G46.90"", ""H49.41"", ""L68.20"", ""O84.11""]","[""collateral_value_loss_physical"", ""credit_loss_physical"", ""credit_loss_transition"", ""rwa_increase_transition""]","400.0","7.25","4.71","19.6371","4.9093","Derived: loan_book_raw + scenario_model_out_raw + entity_master_raw","prepare_entity_scenario_analysis.py"
"PESA-ENT-DE-003-2024-NGFS_NET_ZERO_2050-2050","ENT-DE-003","Atlas Bank Deutschland AG","DE","2024","NGFS_NET_ZERO_2050","orderly_transition","1.5","2050","Orderly transition with early policy action; lower physical risk and higher near-term transition cost.","CSRD","68468992983.11","273875971932.44","22448369860.669678","22448.369860669678","9.762696644069468","1.1709351344216323","7","[""C24.10"", ""D35.11"", ""F41.20"", ""G46.90"", ""H49.41"", ""L68.20"", ""O84.11""]","[""collateral_value_loss_physical"", ""credit_loss_physical"", ""credit_loss_transition"", ""rwa_increase_transition""]","400.0","9.75","6.34","32.7862","8.1966","Derived: loan_book_raw + scenario_model_out_raw + entity_master_raw","prepare_entity_scenario_analysis.py"
"PESA-ENT-ES-006-2024-NGFS_DISORDERLY-2025","ENT-ES-006","Atlas Leasing Spain SL","ES","2024","NGFS_DISORDERLY","disorderly_transition","2.0","2025","Delayed and uneven transition; medium physical risk and elevated transition shocks.","CSRD","67200268900.53","268801075602.12","729784046.0484505","729.7840460484505","0.2583110672610831","0.03878513636438178","7","[""C24.10"", ""D35.11"", ""F41.20"", ""G46.90"", ""H49.41"", ""L68.20"", ""O84.11""]","[""collateral_value_loss_physical"", ""credit_loss_physical"", ""credit_loss_transition"", ""rwa_increase_transition""]","400.0","1.5","1.0","1.086","0.2715","Derived: loan_book_raw + scenario_model_out_raw + entity_master_raw","prepare_entity_scenario_analysis.py"
"PESA-ENT-ES-006-2024-NGFS_DISORDERLY-2030","ENT-ES-006","Atlas Leasing Spain SL","ES","2024","NGFS_DISORDERLY","disorderly_transition","2.0","2030","Delayed and uneven transition; medium physical risk and elevated transition shocks.","CSRD","67200268900.53","268801075602.12","4397999594.532908","4397.999594532909","1.580879337357851","0.2337362880540828","7","[""C24.10"", ""D35.11"", ""F41.20"", ""G46.90"", ""H49.41"", ""L68.20"", ""O84.11""]","[""collateral_value_loss_physical"", ""credit_loss_physical"", ""credit_loss_transition"", ""rwa_increase_transition""]","400.0","4.0","2.6","6.5446","1.6362","Derived: loan_book_raw + scenario_model_out_raw + entity_master_raw","prepare_entity_scenario_analysis.py"
"PESA-ENT-ES-006-2024-NGFS_DISORDERLY-2040","ENT-ES-006","Atlas Leasing Spain SL","ES","2024","NGFS_DISORDERLY","disorderly_transition","2.0","2040","Delayed and uneven transition; medium physical risk and elevated transition shocks.","CSRD","67200268900.53","268801075602.12","11785808996.502153","11785.808996502152","4.308733103776607","0.6263691451861989","7","[""C24.10"", ""D35.11"", ""F41.20"", ""G46.90"", ""H49.41"", ""L68.20"", ""O84.11""]","[""collateral_value_loss_physical"", ""credit_loss_physical"", ""credit_loss_transition"", ""rwa_increase_transition""]","400.0","6.5","4.23","17.5383","4.3846","Derived: loan_book_raw + scenario_model_out_raw + entity_master_raw","prepare_entity_scenario_analysis.py"
"PESA-ENT-ES-006-2024-NGFS_DISORDERLY-2050","ENT-ES-006","Atlas Leasing Spain SL","ES","2024","NGFS_DISORDERLY","disorderly_transition","2.0","2050","Delayed and uneven transition; medium physical risk and elevated transition shocks.","CSRD","67200268900.53","268801075602.12","19043206543.948074","19043.206543948072","6.890689202361727","1.0120711279197767","7","[""C24.10"", ""D35.11"", ""F41.20"", ""G46.90"", ""H49.41"", ""L68.20"", ""O84.11""]","[""collateral_value_loss_physical"", ""credit_loss_physical"", ""credit_loss_transition"", ""rwa_increase_transition""]","400.0","9.0","5.85","28.338","7.0845","Derived: loan_book_raw + scenario_model_out_raw + entity_master_raw","prepare_entity_scenario_analysis.py"
"PESA-ENT-ES-006-2024-NGFS_HOT_HOUSE_WORLD-2025","ENT-ES-006","Atlas Leasing Spain SL","ES","2024","NGFS_HOT_HOUSE_WORLD","hot_house_world","3.5","2025","Limited climate policy response; high physical risk and lower transition cost.","CSRD","67200268900.53","268801075602.12","609823376.313861","609.823376313861","0.10943810957068648","0.03240970111170468","7","[""C24.10"", ""D35.11"", ""F41.20"", ""G46.90"", ""H49.41"", ""L68.20"", ""O84.11""]","[""collateral_value_loss_physical"", ""credit_loss_physical"", ""credit_loss_transition"", ""rwa_increase_transition""]","400.0","1.0","1.0","0.9075","0.2269","Derived: loan_book_raw + scenario_model_out_raw + entity_master_raw","prepare_entity_scenario_analysis.py"
"PESA-ENT-ES-006-2024-NGFS_HOT_HOUSE_WORLD-2030","ENT-ES-006","Atlas Leasing Spain SL","ES","2024","NGFS_HOT_HOUSE_WORLD","hot_house_world","3.5","2030","Limited climate policy response; high physical risk and lower transition cost.","CSRD","67200268900.53","268801075602.12","3686803739.5009274","3686.8037395009273","0.6875363460277435","0.19593904054153963","7","[""C24.10"", ""D35.11"", ""F41.20"", ""G46.90"", ""H49.41"", ""L68.20"", ""O84.11""]","[""collateral_value_loss_physical"", ""credit_loss_physical"", ""credit_loss_transition"", ""rwa_increase_transition""]","400.0","3.08","2.0","5.4863","1.3716","Derived: loan_book_raw + scenario_model_out_raw + entity_master_raw","prepare_entity_scenario_analysis.py"
"PESA-ENT-ES-006-2024-NGFS_HOT_HOUSE_WORLD-2040","ENT-ES-006","Atlas Leasing Spain SL","ES","2024","NGFS_HOT_HOUSE_WORLD","hot_house_world","3.5","2040","Limited climate policy response; high physical risk and lower transition cost.","CSRD","67200268900.53","268801075602.12","9868880496.887901","9868.880496887901","1.7932048377564707","0.5244919752742486","7","[""C24.10"", ""D35.11"", ""F41.20"", ""G46.90"", ""H49.41"", ""L68.20"", ""O84.11""]","[""collateral_value_loss_physical"", ""credit_loss_physical"", ""credit_loss_transition"", ""rwa_increase_transition""]","400.0","5.67","3.69","14.6858","3.6714","Derived: loan_book_raw + scenario_model_out_raw + entity_master_raw","prepare_entity_scenario_analysis.py"
"PESA-ENT-ES-006-2024-NGFS_HOT_HOUSE_WORLD-2050","ENT-ES-006","Atlas Leasing Spain SL","ES","2024","NGFS_HOT_HOUSE_WORLD","hot_house_world","3.5","2050","Limited climate policy response; high physical risk and lower transition cost.","CSRD","67200268900.53","268801075602.12","16056422351.28326","16056.42235128326","3.040991758467317","0.8533353583030839","7","[""C24.10"", ""D35.11"", ""F41.20"", ""G46.90"", ""H49.41"", ""L68.20"", ""O84.11""]","[""collateral_value_loss_physical"", ""credit_loss_physical"", ""credit_loss_transition"", ""rwa_increase_transition""]","400.0","8.08","5.25","23.8934","5.9734","Derived: loan_book_raw + scenario_model_out_raw + entity_master_raw","prepare_entity_scenario_analysis.py"
"PESA-ENT-ES-006-2024-NGFS_NET_ZERO_2050-2025","ENT-ES-006","Atlas Leasing Spain SL","ES","2024","NGFS_NET_ZERO_2050","orderly_transition","1.5","2025","Orderly transition with early policy action; lower physical risk and higher near-term transition cost.","CSRD","67200268900.53","268801075602.12","864518746.8173714","864.5187468173714","0.37283195990446033","0.045945752947646794","7","[""C24.10"", ""D35.11"", ""F41.20"", ""G46.90"", ""H49.41"", ""L68.20"", ""O84.11""]","[""collateral_value_loss_physical"", ""credit_loss_physical"", ""credit_loss_transition"", ""rwa_increase_transition""]","400.0","2.42","1.57","1.2865","0.3216","Derived: loan_book_raw + scenario_model_out_raw + entity_master_raw","prepare_entity_scenario_analysis.py"
"PESA-ENT-ES-006-2024-NGFS_NET_ZERO_2050-2030","ENT-ES-006","Atlas Leasing Spain SL","ES","2024","NGFS_NET_ZERO_2050","orderly_transition","1.5","2030","Orderly transition with early policy action; lower physical risk and higher near-term transition cost.","CSRD","67200268900.53","268801075602.12","5156261744.004307","5156.261744004307","2.2518143537744595","0.27403492300840865","7","[""C24.10"", ""D35.11"", ""F41.20"", ""G46.90"", ""H49.41"", ""L68.20"", ""O84.11""]","[""collateral_value_loss_physical"", ""credit_loss_physical"", ""credit_loss_transition"", ""rwa_increase_transition""]","400.0","4.83","3.14","7.673","1.9182","Derived: loan_book_raw + scenario_model_out_raw + entity_master_raw","prepare_entity_scenario_analysis.py"
"PESA-ENT-ES-006-2024-NGFS_NET_ZERO_2050-2040","ENT-ES-006","Atlas Leasing Spain SL","ES","2024","NGFS_NET_ZERO_2050","orderly_transition","1.5","2040","Orderly transition with early policy action; lower physical risk and higher near-term transition cost.","CSRD","67200268900.53","268801075602.12","13493810644.22557","13493.81064422557","5.647861416656682","0.7171426790504122","7","[""C24.10"", ""D35.11"", ""F41.20"", ""G46.90"", ""H49.41"", ""L68.20"", ""O84.11""]","[""collateral_value_loss_physical"", ""credit_loss_physical"", ""credit_loss_transition"", ""rwa_increase_transition""]","400.0","7.33","4.76","20.08","5.02","Derived: loan_book_raw + scenario_model_out_raw + entity_master_raw","prepare_entity_scenario_analysis.py"
"PESA-ENT-ES-006-2024-NGFS_NET_ZERO_2050-2050","ENT-ES-006","Atlas Leasing Spain SL","ES","2024","NGFS_NET_ZERO_2050","orderly_transition","1.5","2050","Orderly transition with early policy action; lower physical risk and higher near-term transition cost.","CSRD","67200268900.53","268801075602.12","22516386490.960335","22516.386490960336","9.683905158134623","1.1966569085932603","7","[""C24.10"", ""D35.11"", ""F41.20"", ""G46.90"", ""H49.41"", ""L68.20"", ""O84.11""]","[""collateral_value_loss_physical"", ""credit_loss_physical"", ""credit_loss_transition"", ""rwa_increase_transition""]","400.0","9.92","6.45","33.5064","8.3766","Derived: loan_book_raw + scenario_model_out_raw + entity_master_raw","prepare_entity_scenario_analysis.py"
"PESA-ENT-FR-002-2024-NGFS_DISORDERLY-2025","ENT-FR-002","Atlas Retail Bank France SA","FR","2024","NGFS_DISORDERLY","disorderly_transition","2.0","2025","Delayed and uneven transition; medium physical risk and elevated transition shocks.","CSRD","68003063001.04","272012252004.16","730344832.0086448","730.3448320086449","0.2609409455256178","0.038356719314113594","7","[""C24.10"", ""D35.11"", ""F41.20"", ""G46.90"", ""H49.41"", ""L68.20"", ""O84.11""]","[""collateral_value_loss_physical"", ""credit_loss_physical"", ""credit_loss_transition"", ""rwa_increase_transition""]","400.0","1.58","1.03","1.074","0.2685","Derived: loan_book_raw + scenario_model_out_raw + entity_master_raw","prepare_entity_scenario_analysis.py"
"PESA-ENT-FR-002-2024-NGFS_DISORDERLY-2030","ENT-FR-002","Atlas Retail Bank France SA","FR","2024","NGFS_DISORDERLY","disorderly_transition","2.0","2030","Delayed and uneven transition; medium physical risk and elevated transition shocks.","CSRD","68003063001.04","272012252004.16","4400561341.177618","4400.561341177618","1.5969743512194414","0.23111150896196284","7","[""C24.10"", ""D35.11"", ""F41.20"", ""G46.90"", ""H49.41"", ""L68.20"", ""O84.11""]","[""collateral_value_loss_physical"", ""credit_loss_physical"", ""credit_loss_transition"", ""rwa_increase_transition""]","400.0","4.08","2.65","6.4711","1.6178","Derived: loan_book_raw + scenario_model_out_raw + entity_master_raw","prepare_entity_scenario_analysis.py"
"PESA-ENT-FR-002-2024-NGFS_DISORDERLY-2040","ENT-FR-002","Atlas Retail Bank France SA","FR","2024","NGFS_DISORDERLY","disorderly_transition","2.0","2040","Delayed and uneven transition; medium physical risk and elevated transition shocks.","CSRD","68003063001.04","272012252004.16","11798569638.289154","11798.569638289155","4.352600537167877","0.6196448637546094","7","[""C24.10"", ""D35.11"", ""F41.20"", ""G46.90"", ""H49.41"", ""L68.20"", ""O84.11""]","[""collateral_value_loss_physical"", ""credit_loss_physical"", ""credit_loss_transition"", ""rwa_increase_transition""]","400.0","6.58","4.28","17.3501","4.3375","Derived: loan_book_raw + scenario_model_out_raw + entity_master_raw","prepare_entity_scenario_analysis.py"
"PESA-ENT-FR-002-2024-NGFS_DISORDERLY-2050","ENT-FR-002","Atlas Retail Bank France SA","FR","2024","NGFS_DISORDERLY","disorderly_transition","2.0","2050","Delayed and uneven transition; medium physical risk and elevated transition shocks.","CSRD","68003063001.04","272012252004.16","19059173248.92666","19059.173248926658","6.960843663620792","1.0009619109066128","7","[""C24.10"", ""D35.11"", ""F41.20"", ""G46.90"", ""H49.41"", ""L68.20"", ""O84.11""]","[""collateral_value_loss_physical"", ""credit_loss_physical"", ""credit_loss_transition"", ""rwa_increase_transition""]","400.0","9.08","5.9","28.0269","7.0067","Derived: loan_book_raw + scenario_model_out_raw + entity_master_raw","prepare_entity_scenario_analysis.py"
"PESA-ENT-FR-002-2024-NGFS_HOT_HOUSE_WORLD-2025","ENT-FR-002","Atlas Retail Bank France SA","FR","2024","NGFS_HOT_HOUSE_WORLD","hot_house_world","3.5","2025","Limited climate policy response; high physical risk and lower transition cost.","CSRD","68003063001.04","272012252004.16","611118643.7056757","611.1186437056757","0.11055230459424238","0.03209512172458685","7","[""C24.10"", ""D35.11"", ""F41.20"", ""G46.90"", ""H49.41"", ""L68.20"", ""O84.11""]","[""collateral_value_loss_physical"", ""credit_loss_physical"", ""credit_loss_transition"", ""rwa_increase_transition""]","400.0","1.0","1.0","0.8987","0.2247","Derived: loan_book_raw + scenario_model_out_raw + entity_master_raw","prepare_entity_scenario_analysis.py"
"PESA-ENT-FR-002-2024-NGFS_HOT_HOUSE_WORLD-2030","ENT-FR-002","Atlas Retail Bank France SA","FR","2024","NGFS_HOT_HOUSE_WORLD","hot_house_world","3.5","2030","Limited climate policy response; high physical risk and lower transition cost.","CSRD","68003063001.04","272012252004.16","3697604849.781755","3697.604849781755","0.6945361889367909","0.1941931881239151","7","[""C24.10"", ""D35.11"", ""F41.20"", ""G46.90"", ""H49.41"", ""L68.20"", ""O84.11""]","[""collateral_value_loss_physical"", ""credit_loss_physical"", ""credit_loss_transition"", ""rwa_increase_transition""]","400.0","3.25","2.11","5.4374","1.3594","Derived: loan_book_raw + scenario_model_out_raw + entity_master_raw","prepare_entity_scenario_analysis.py"
"PESA-ENT-FR-002-2024-NGFS_HOT_HOUSE_WORLD-2040","ENT-FR-002","Atlas Retail Bank France SA","FR","2024","NGFS_HOT_HOUSE_WORLD","hot_house_world","3.5","2040","Limited climate policy response; high physical risk and lower transition cost.","CSRD","68003063001.04","272012252004.16","9889168475.826817","9889.168475826817","1.8114615484606529","0.5193657062432392","7","[""C24.10"", ""D35.11"", ""F41.20"", ""G46.90"", ""H49.41"", ""L68.20"", ""O84.11""]","[""collateral_value_loss_physical"", ""credit_loss_physical"", ""credit_loss_transition"", ""rwa_increase_transition""]","400.0","5.75","3.74","14.5422","3.6356","Derived: loan_book_raw + scenario_model_out_raw + entity_master_raw","prepare_entity_scenario_analysis.py"
"PESA-ENT-FR-002-2024-NGFS_HOT_HOUSE_WORLD-2050","ENT-FR-002","Atlas Retail Bank France SA","FR","2024","NGFS_HOT_HOUSE_WORLD","hot_house_world","3.5","2050","Limited climate policy response; high physical risk and lower transition cost.","CSRD","68003063001.04","272012252004.16","16110753805.440071","16110.75380544007","3.071952252003349","0.8461149234869066","7","[""C24.10"", ""D35.11"", ""F41.20"", ""G46.90"", ""H49.41"", ""L68.20"", ""O84.11""]","[""collateral_value_loss_physical"", ""credit_loss_physical"", ""credit_loss_transition"", ""rwa_increase_transition""]","400.0","8.25","5.36","23.6912","5.9228","Derived: loan_book_raw + scenario_model_out_raw + entity_master_raw","prepare_entity_scenario_analysis.py"
"PESA-ENT-FR-002-2024-NGFS_NET_ZERO_2050-2025","ENT-FR-002","Atlas Retail Bank France SA","FR","2024","NGFS_NET_ZERO_2050","orderly_transition","1.5","2025","Orderly transition with early policy action; lower physical risk and higher near-term transition cost.","CSRD","68003063001.04","272012252004.16","864239030.9207146","864.2390309207145","0.3766277812684965","0.045388660912623544","7","[""C24.10"", ""D35.11"", ""F41.20"", ""G46.90"", ""H49.41"", ""L68.20"", ""O84.11""]","[""collateral_value_loss_physical"", ""credit_loss_physical"", ""credit_loss_transition"", ""rwa_increase_transition""]","400.0","2.33","1.51","1.2709","0.3177","Derived: loan_book_raw + scenario_model_out_raw + entity_master_raw","prepare_entity_scenario_analysis.py"
"PESA-ENT-FR-002-2024-NGFS_NET_ZERO_2050-2030","ENT-FR-002","Atlas Retail Bank France SA","FR","2024","NGFS_NET_ZERO_2050","orderly_transition","1.5","2030","Orderly transition with early policy action; lower physical risk and higher near-term transition cost.","CSRD","68003063001.04","272012252004.16","5156299388.704709","5156.299388704709","2.274740191554275","0.27080184549007796","7","[""C24.10"", ""D35.11"", ""F41.20"", ""G46.90"", ""H49.41"", ""L68.20"", ""O84.11""]","[""collateral_value_loss_physical"", ""credit_loss_physical"", ""credit_loss_transition"", ""rwa_increase_transition""]","400.0","4.92","3.2","7.5825","1.8956","Derived: loan_book_raw + scenario_model_out_raw + entity_master_raw","prepare_entity_scenario_analysis.py"
"PESA-ENT-FR-002-2024-NGFS_NET_ZERO_2050-2040","ENT-FR-002","Atlas Retail Bank France SA","FR","2024","NGFS_NET_ZERO_2050","orderly_transition","1.5","2040","Orderly transition with early policy action; lower physical risk and higher near-term transition cost.","CSRD","68003063001.04","272012252004.16","13498894212.61714","13498.894212617139","5.705362584292511","0.708943602627066","7","[""C24.10"", ""D35.11"", ""F41.20"", ""G46.90"", ""H49.41"", ""L68.20"", ""O84.11""]","[""collateral_value_loss_physical"", ""credit_loss_physical"", ""credit_loss_transition"", ""rwa_increase_transition""]","400.0","7.42","4.82","19.8504","4.9626","Derived: loan_book_raw + scenario_model_out_raw + entity_master_raw","prepare_entity_scenario_analysis.py"
"PESA-ENT-FR-002-2024-NGFS_NET_ZERO_2050-2050","ENT-FR-002","Atlas Retail Bank France SA","FR","2024","NGFS_NET_ZERO_2050","orderly_transition","1.5","2050","Orderly transition with early policy action; lower physical risk and higher near-term transition cost.","CSRD","68003063001.04","272012252004.16","22507369537.868954","22507.369537868955","9.78249749473572","1.1820564999258478","7","[""C24.10"", ""D35.11"", ""F41.20"", ""G46.90"", ""H49.41"", ""L68.20"", ""O84.11""]","[""collateral_value_loss_physical"", ""credit_loss_physical"", ""credit_loss_transition"", ""rwa_increase_transition""]","400.0","9.83","6.39","33.0976","8.2744","Derived: loan_book_raw + scenario_model_out_raw + entity_master_raw","prepare_entity_scenario_analysis.py"
"PESA-ENT-GROUP-001-2024-NGFS_DISORDERLY-2025","ENT-GROUP-001","Atlas Banking Group SA","FR","2024","NGFS_DISORDERLY","disorderly_transition","2.0","2025","Delayed and uneven transition; medium physical risk and elevated transition shocks.","CSRD","63734406891.89","254937627567.56","674999622.4143465","674.9996224143465","0.26376907871277505","0.03782435665061238","7","[""C24.10"", ""D35.11"", ""F41.20"", ""G46.90"", ""H49.41"", ""L68.20"", ""O84.11""]","[""collateral_value_loss_physical"", ""credit_loss_physical"", ""credit_loss_transition"", ""rwa_increase_transition""]","400.0","1.0","1.0","1.0591","0.2648","Derived: loan_book_raw + scenario_model_out_raw + entity_master_raw","prepare_entity_scenario_analysis.py"
"PESA-ENT-GROUP-001-2024-NGFS_DISORDERLY-2030","ENT-GROUP-001","Atlas Banking Group SA","FR","2024","NGFS_DISORDERLY","disorderly_transition","2.0","2030","Delayed and uneven transition; medium physical risk and elevated transition shocks.","CSRD","63734406891.89","254937627567.56","4070137160.7914996","4070.1371607914994","1.6142826971849433","0.22807467511765003","7","[""C24.10"", ""D35.11"", ""F41.20"", ""G46.90"", ""H49.41"", ""L68.20"", ""O84.11""]","[""collateral_value_loss_physical"", ""credit_loss_physical"", ""credit_loss_transition"", ""rwa_increase_transition""]","400.0","3.5","2.28","6.3861","1.5965","Derived: loan_book_raw + scenario_model_out_raw + entity_master_raw","prepare_entity_scenario_analysis.py"
"PESA-ENT-GROUP-001-2024-NGFS_DISORDERLY-2040","ENT-GROUP-001","Atlas Banking Group SA","FR","2024","NGFS_DISORDERLY","disorderly_transition","2.0","2040","Delayed and uneven transition; medium physical risk and elevated transition shocks.","CSRD","63734406891.89","254937627567.56","10918173762.643204","10918.173762643204","4.399774942874146","0.6118120435304079","7","[""C24.10"", ""D35.11"", ""F41.20"", ""G46.90"", ""H49.41"", ""L68.20"", ""O84.11""]","[""collateral_value_loss_physical"", ""credit_loss_physical"", ""credit_loss_transition"", ""rwa_increase_transition""]","400.0","6.0","3.9","17.1307","4.2827","Derived: loan_book_raw + scenario_model_out_raw + entity_master_raw","prepare_entity_scenario_analysis.py"
"PESA-ENT-GROUP-001-2024-NGFS_DISORDERLY-2050","ENT-GROUP-001","Atlas Banking Group SA","FR","2024","NGFS_DISORDERLY","disorderly_transition","2.0","2050","Delayed and uneven transition; medium physical risk and elevated transition shocks.","CSRD","63734406891.89","254937627567.56","17633969487.351734","17633.969487351733","7.036286760280247","0.988139146907813","7","[""C24.10"", ""D35.11"", ""F41.20"", ""G46.90"", ""H49.41"", ""L68.20"", ""O84.11""]","[""collateral_value_loss_physical"", ""credit_loss_physical"", ""credit_loss_transition"", ""rwa_increase_transition""]","400.0","8.5","5.52","27.6679","6.917","Derived: loan_book_raw + scenario_model_out_raw + entity_master_raw","prepare_entity_scenario_analysis.py"
"PESA-ENT-GROUP-001-2024-NGFS_HOT_HOUSE_WORLD-2025","ENT-GROUP-001","Atlas Banking Group SA","FR","2024","NGFS_HOT_HOUSE_WORLD","hot_house_world","3.5","2025","Limited climate policy response; high physical risk and lower transition cost.","CSRD","63734406891.89","254937627567.56","568299447.6256356","568.2994476256356","0.11175049386618627","0.03184529335653919","7","[""C24.10"", ""D35.11"", ""F41.20"", ""G46.90"", ""H49.41"", ""L68.20"", ""O84.11""]","[""collateral_value_loss_physical"", ""credit_loss_physical"", ""credit_loss_transition"", ""rwa_increase_transition""]","400.0","1.0","1.0","0.8917","0.2229","Derived: loan_book_raw + scenario_model_out_raw + entity_master_raw","prepare_entity_scenario_analysis.py"
"PESA-ENT-GROUP-001-2024-NGFS_HOT_HOUSE_WORLD-2030","ENT-GROUP-001","Atlas Banking Group SA","FR","2024","NGFS_HOT_HOUSE_WORLD","hot_house_world","3.5","2030","Limited climate policy response; high physical risk and lower transition cost.","CSRD","63734406891.89","254937627567.56","3437020148.14774","3437.02014814774","0.7020637191281806","0.1925972572160621","7","[""C24.10"", ""D35.11"", ""F41.20"", ""G46.90"", ""H49.41"", ""L68.20"", ""O84.11""]","[""collateral_value_loss_physical"", ""credit_loss_physical"", ""credit_loss_transition"", ""rwa_increase_transition""]","400.0","2.58","1.68","5.3927","1.3482","Derived: loan_book_raw + scenario_model_out_raw + entity_master_raw","prepare_entity_scenario_analysis.py"
"PESA-ENT-GROUP-001-2024-NGFS_HOT_HOUSE_WORLD-2040","ENT-GROUP-001","Atlas Banking Group SA","FR","2024","NGFS_HOT_HOUSE_WORLD","hot_house_world","3.5","2040","Limited climate policy response; high physical risk and lower transition cost.","CSRD","63734406891.89","254937627567.56","9190134465.853987","9190.134465853986","1.831094552059001","0.5149794342998407","7","[""C24.10"", ""D35.11"", ""F41.20"", ""G46.90"", ""H49.41"", ""L68.20"", ""O84.11""]","[""collateral_value_loss_physical"", ""credit_loss_physical"", ""credit_loss_transition"", ""rwa_increase_transition""]","400.0","5.08","3.3","14.4194","3.6048","Derived: loan_book_raw + scenario_model_out_raw + entity_master_raw","prepare_entity_scenario_analysis.py"
"PESA-ENT-GROUP-001-2024-NGFS_HOT_HOUSE_WORLD-2050","ENT-GROUP-001","Atlas Banking Group SA","FR","2024","NGFS_HOT_HOUSE_WORLD","hot_house_world","3.5","2050","Limited climate policy response; high physical risk and lower transition cost.","CSRD","63734406891.89","254937627567.56","14987556131.455843","14987.556131455844","3.105246720588005","0.8398444230377236","7","[""C24.10"", ""D35.11"", ""F41.20"", ""G46.90"", ""H49.41"", ""L68.20"", ""O84.11""]","[""collateral_value_loss_physical"", ""credit_loss_physical"", ""credit_loss_transition"", ""rwa_increase_transition""]","400.0","7.58","4.93","23.5156","5.8789","Derived: loan_book_raw + scenario_model_out_raw + entity_master_raw","prepare_entity_scenario_analysis.py"
"PESA-ENT-GROUP-001-2024-NGFS_NET_ZERO_2050-2025","ENT-GROUP-001","Atlas Banking Group SA","FR","2024","NGFS_NET_ZERO_2050","orderly_transition","1.5","2025","Orderly transition with early policy action; lower physical risk and higher near-term transition cost.","CSRD","63734406891.89","254937627567.56","798451373.0157596","798.4513730157596","0.3807097528627408","0.04474211317792485","7","[""C24.10"", ""D35.11"", ""F41.20"", ""G46.90"", ""H49.41"", ""L68.20"", ""O84.11""]","[""collateral_value_loss_physical"", ""credit_loss_physical"", ""credit_loss_transition"", ""rwa_increase_transition""]","400.0","1.83","1.19","1.2528","0.3132","Derived: loan_book_raw + scenario_model_out_raw + entity_master_raw","prepare_entity_scenario_analysis.py"
"PESA-ENT-GROUP-001-2024-NGFS_NET_ZERO_2050-2030","ENT-GROUP-001","Atlas Banking Group SA","FR","2024","NGFS_NET_ZERO_2050","orderly_transition","1.5","2030","Orderly transition with early policy action; lower physical risk and higher near-term transition cost.","CSRD","63734406891.89","254937627567.56","4763464868.837118","4763.464868837118","2.299394307124127","0.26692606648742356","7","[""C24.10"", ""D35.11"", ""F41.20"", ""G46.90"", ""H49.41"", ""L68.20"", ""O84.11""]","[""collateral_value_loss_physical"", ""credit_loss_physical"", ""credit_loss_transition"", ""rwa_increase_transition""]","400.0","4.33","2.81","7.4739","1.8685","Derived: loan_book_raw + scenario_model_out_raw + entity_master_raw","prepare_entity_scenario_analysis.py"
"PESA-ENT-GROUP-001-2024-NGFS_NET_ZERO_2050-2040","ENT-GROUP-001","Atlas Banking Group SA","FR","2024","NGFS_NET_ZERO_2050","orderly_transition","1.5","2040","Orderly transition with early policy action; lower physical risk and higher near-term transition cost.","CSRD","63734406891.89","254937627567.56","12451916633.524694","12451.916633524694","5.767198511333017","0.6977570358417438","7","[""C24.10"", ""D35.11"", ""F41.20"", ""G46.90"", ""H49.41"", ""L68.20"", ""O84.11""]","[""collateral_value_loss_physical"", ""credit_loss_physical"", ""credit_loss_transition"", ""rwa_increase_transition""]","400.0","6.83","4.44","19.5372","4.8843","Derived: loan_book_raw + scenario_model_out_raw + entity_master_raw","prepare_entity_scenario_analysis.py"
"PESA-ENT-GROUP-001-2024-NGFS_NET_ZERO_2050-2050","ENT-GROUP-001","Atlas Banking Group SA","FR","2024","NGFS_NET_ZERO_2050","orderly_transition","1.5","2050","Orderly transition with early policy action; lower physical risk and higher near-term transition cost.","CSRD","63734406891.89","254937627567.56","20793789645.051304","20793.789645051304","9.888522272726833","1.1652031935055411","7","[""C24.10"", ""D35.11"", ""F41.20"", ""G46.90"", ""H49.41"", ""L68.20"", ""O84.11""]","[""collateral_value_loss_physical"", ""credit_loss_physical"", ""credit_loss_transition"", ""rwa_increase_transition""]","400.0","9.33","6.06","32.6257","8.1564","Derived: loan_book_raw + scenario_model_out_raw + entity_master_raw","prepare_entity_scenario_analysis.py"
"PESA-ENT-IT-007-2024-NGFS_DISORDERLY-2025","ENT-IT-007","Atlas Consumer Finance Italia SpA","IT","2024","NGFS_DISORDERLY","disorderly_transition","2.0","2025","Delayed and uneven transition; medium physical risk and elevated transition shocks.","CSRD","66305596539.42","265222386157.68","703021812.0387285","703.0218120387284","0.2638600285000326","0.037866972275257114","7","[""C24.10"", ""D35.11"", ""F41.20"", ""G46.90"", ""H49.41"", ""L68.20"", ""O84.11""]","[""collateral_value_loss_physical"", ""credit_loss_physical"", ""credit_loss_transition"", ""rwa_increase_transition""]","400.0","1.25","1.0","1.0603","0.2651","Derived: loan_book_raw + scenario_model_out_raw + entity_master_raw","prepare_entity_scenario_analysis.py"
"PESA-ENT-IT-007-2024-NGFS_DISORDERLY-2030","ENT-IT-007","Atlas Consumer Finance Italia SpA","IT","2024","NGFS_DISORDERLY","disorderly_transition","2.0","2030","Delayed and uneven transition; medium physical risk and elevated transition shocks.","CSRD","66305596539.42","265222386157.68","4243224905.3280196","4243.22490532802","1.6148393153776406","0.22855347742593954","7","[""C24.10"", ""D35.11"", ""F41.20"", ""G46.90"", ""H49.41"", ""L68.20"", ""O84.11""]","[""collateral_value_loss_physical"", ""credit_loss_physical"", ""credit_loss_transition"", ""rwa_increase_transition""]","400.0","3.75","2.44","6.3995","1.5999","Derived: loan_book_raw + scenario_model_out_raw + entity_master_raw","prepare_entity_scenario_analysis.py"
"PESA-ENT-IT-007-2024-NGFS_DISORDERLY-2040","ENT-IT-007","Atlas Consumer Finance Italia SpA","IT","2024","NGFS_DISORDERLY","disorderly_transition","2.0","2040","Delayed and uneven transition; medium physical risk and elevated transition shocks.","CSRD","66305596539.42","265222386157.68","11377350031.060957","11377.350031060956","4.401292022120084","0.6128199592310052","7","[""C24.10"", ""D35.11"", ""F41.20"", ""G46.90"", ""H49.41"", ""L68.20"", ""O84.11""]","[""collateral_value_loss_physical"", ""credit_loss_physical"", ""credit_loss_transition"", ""rwa_increase_transition""]","400.0","6.25","4.06","17.159","4.2898","Derived: loan_book_raw + scenario_model_out_raw + entity_master_raw","prepare_entity_scenario_analysis.py"
"PESA-ENT-IT-007-2024-NGFS_DISORDERLY-2050","ENT-IT-007","Atlas Consumer Finance Italia SpA","IT","2024","NGFS_DISORDERLY","disorderly_transition","2.0","2050","Delayed and uneven transition; medium physical risk and elevated transition shocks.","CSRD","66305596539.42","265222386157.68","18374198834.262016","18374.198834262013","7.038712930880127","0.9896923053060723","7","[""C24.10"", ""D35.11"", ""F41.20"", ""G46.90"", ""H49.41"", ""L68.20"", ""O84.11""]","[""collateral_value_loss_physical"", ""credit_loss_physical"", ""credit_loss_transition"", ""rwa_increase_transition""]","400.0","8.75","5.69","27.7114","6.9278","Derived: loan_book_raw + scenario_model_out_raw + entity_master_raw","prepare_entity_scenario_analysis.py"
"PESA-ENT-IT-007-2024-NGFS_HOT_HOUSE_WORLD-2025","ENT-IT-007","Atlas Consumer Finance Italia SpA","IT","2024","NGFS_HOT_HOUSE_WORLD","hot_house_world","3.5","2025","Limited climate policy response; high physical risk and lower transition cost.","CSRD","66305596539.42","265222386157.68","593720013.0323076","593.7200130323076","0.11178902637231874","0.03197963261987833","7","[""C24.10"", ""D35.11"", ""F41.20"", ""G46.90"", ""H49.41"", ""L68.20"", ""O84.11""]","[""collateral_value_loss_physical"", ""credit_loss_physical"", ""credit_loss_transition"", ""rwa_increase_transition""]","400.0","1.0","1.0","0.8954","0.2238","Derived: loan_book_raw + scenario_model_out_raw + entity_master_raw","prepare_entity_scenario_analysis.py"
"PESA-ENT-IT-007-2024-NGFS_HOT_HOUSE_WORLD-2030","ENT-IT-007","Atlas Consumer Finance Italia SpA","IT","2024","NGFS_HOT_HOUSE_WORLD","hot_house_world","3.5","2030","Limited climate policy response; high physical risk and lower transition cost.","CSRD","66305596539.42","265222386157.68","3586402006.3118396","3586.4020063118396","0.7023057965779239","0.19317492432717803","7","[""C24.10"", ""D35.11"", ""F41.20"", ""G46.90"", ""H49.41"", ""L68.20"", ""O84.11""]","[""collateral_value_loss_physical"", ""credit_loss_physical"", ""credit_loss_transition"", ""rwa_increase_transition""]","400.0","2.92","1.9","5.4089","1.3522","Derived: loan_book_raw + scenario_model_out_raw + entity_master_raw","prepare_entity_scenario_analysis.py"
"PESA-ENT-IT-007-2024-NGFS_HOT_HOUSE_WORLD-2040","ENT-IT-007","Atlas Consumer Finance Italia SpA","IT","2024","NGFS_HOT_HOUSE_WORLD","hot_house_world","3.5","2040","Limited climate policy response; high physical risk and lower transition cost.","CSRD","66305596539.42","265222386157.68","9598850937.14539","9598.85093714539","1.8317259287949357","0.5170243882720196","7","[""C24.10"", ""D35.11"", ""F41.20"", ""G46.90"", ""H49.41"", ""L68.20"", ""O84.11""]","[""collateral_value_loss_physical"", ""credit_loss_physical"", ""credit_loss_transition"", ""rwa_increase_transition""]","400.0","5.42","3.52","14.4767","3.6192","Derived: loan_book_raw + scenario_model_out_raw + entity_master_raw","prepare_entity_scenario_analysis.py"
"PESA-ENT-IT-007-2024-NGFS_HOT_HOUSE_WORLD-2050","ENT-IT-007","Atlas Consumer Finance Italia SpA","IT","2024","NGFS_HOT_HOUSE_WORLD","hot_house_world","3.5","2050","Limited climate policy response; high physical risk and lower transition cost.","CSRD","66305596539.42","265222386157.68","15652188366.542122","15652.188366542123","3.1063174356619547","0.8430762357204097","7","[""C24.10"", ""D35.11"", ""F41.20"", ""G46.90"", ""H49.41"", ""L68.20"", ""O84.11""]","[""collateral_value_loss_physical"", ""credit_loss_physical"", ""credit_loss_transition"", ""rwa_increase_transition""]","400.0","7.92","5.15","23.6061","5.9015","Derived: loan_book_raw + scenario_model_out_raw + entity_master_raw","prepare_entity_scenario_analysis.py"
"PESA-ENT-IT-007-2024-NGFS_NET_ZERO_2050-2025","ENT-IT-007","Atlas Consumer Finance Italia SpA","IT","2024","NGFS_NET_ZERO_2050","orderly_transition","1.5","2025","Orderly transition with early policy action; lower physical risk and higher near-term transition cost.","CSRD","66305596539.42","265222386157.68","832022487.7524295","832.0224877524295","0.38084102477375753","0.044815355564495736","7","[""C24.10"", ""D35.11"", ""F41.20"", ""G46.90"", ""H49.41"", ""L68.20"", ""O84.11""]","[""collateral_value_loss_physical"", ""credit_loss_physical"", ""credit_loss_transition"", ""rwa_increase_transition""]","400.0","2.08","1.35","1.2548","0.3137","Derived: loan_book_raw + scenario_model_out_raw + entity_master_raw","prepare_entity_scenario_analysis.py"
"PESA-ENT-IT-007-2024-NGFS_NET_ZERO_2050-2030","ENT-IT-007","Atlas Consumer Finance Italia SpA","IT","2024","NGFS_NET_ZERO_2050","orderly_transition","1.5","2030","Orderly transition with early policy action; lower physical risk and higher near-term transition cost.","CSRD","66305596539.42","265222386157.68","4963210116.7208395","4963.210116720839","2.3001871575373545","0.2673341518965421","7","[""C24.10"", ""D35.11"", ""F41.20"", ""G46.90"", ""H49.41"", ""L68.20"", ""O84.11""]","[""collateral_value_loss_physical"", ""credit_loss_physical"", ""credit_loss_transition"", ""rwa_increase_transition""]","400.0","4.58","2.98","7.4854","1.8714","Derived: loan_book_raw + scenario_model_out_raw + entity_master_raw","prepare_entity_scenario_analysis.py"
"PESA-ENT-IT-007-2024-NGFS_NET_ZERO_2050-2040","ENT-IT-007","Atlas Consumer Finance Italia SpA","IT","2024","NGFS_NET_ZERO_2050","orderly_transition","1.5","2040","Orderly transition with early policy action; lower physical risk and higher near-term transition cost.","CSRD","66305596539.42","265222386157.68","12954795911.462244","12954.795911462244","5.7691870896767625","0.6977861699459347","7","[""C24.10"", ""D35.11"", ""F41.20"", ""G46.90"", ""H49.41"", ""L68.20"", ""O84.11""]","[""collateral_value_loss_physical"", ""credit_loss_physical"", ""credit_loss_transition"", ""rwa_increase_transition""]","400.0","7.08","4.6","19.538","4.8845","Derived: loan_book_raw + scenario_model_out_raw + entity_master_raw","prepare_entity_scenario_analysis.py"
"PESA-ENT-IT-007-2024-NGFS_NET_ZERO_2050-2050","ENT-IT-007","Atlas Consumer Finance Italia SpA","IT","2024","NGFS_NET_ZERO_2050","orderly_transition","1.5","2050","Orderly transition with early policy action; lower physical risk and higher near-term transition cost.","CSRD","66305596539.42","265222386157.68","21666950609.626667","21666.950609626667","9.89193191801727","1.1670503019597638","7","[""C24.10"", ""D35.11"", ""F41.20"", ""G46.90"", ""H49.41"", ""L68.20"", ""O84.11""]","[""collateral_value_loss_physical"", ""credit_loss_physical"", ""credit_loss_transition"", ""rwa_increase_transition""]","400.0","9.58","6.23","32.6774","8.1694","Derived: loan_book_raw + scenario_model_out_raw + entity_master_raw","prepare_entity_scenario_analysis.py"
"PESA-ENT-LU-009-2024-NGFS_DISORDERLY-2025","ENT-LU-009","Atlas Asset Management Luxembourg SA","LU","2024","NGFS_DISORDERLY","disorderly_transition","2.0","2025","Delayed and uneven transition; medium physical risk and elevated transition shocks.","CSRD","67059009657.21","268236038628.84","724566446.9345329","724.5664469345328","0.25486546334438825","0.03858895804916272","7","[""C24.10"", ""D35.11"", ""F41.20"", ""G46.90"", ""H49.41"", ""L68.20"", ""O84.11""]","[""collateral_value_loss_physical"", ""credit_loss_physical"", ""credit_loss_transition"", ""rwa_increase_transition""]","400.0","1.33","1.0","1.0805","0.2701","Derived: loan_book_raw + scenario_model_out_raw + entity_master_raw","prepare_entity_scenario_analysis.py"
"PESA-ENT-LU-009-2024-NGFS_DISORDERLY-2030","ENT-LU-009","Atlas Asset Management Luxembourg SA","LU","2024","NGFS_DISORDERLY","disorderly_transition","2.0","2030","Delayed and uneven transition; medium physical risk and elevated transition shocks.","CSRD","67059009657.21","268236038628.84","4366947935.180601","4366.9479351806","1.5597920332234263","0.2325749023937179","7","[""C24.10"", ""D35.11"", ""F41.20"", ""G46.90"", ""H49.41"", ""L68.20"", ""O84.11""]","[""collateral_value_loss_physical"", ""credit_loss_physical"", ""credit_loss_transition"", ""rwa_increase_transition""]","400.0","3.83","2.49","6.5121","1.628","Derived: loan_book_raw + scenario_model_out_raw + entity_master_raw","prepare_entity_scenario_analysis.py"
"PESA-ENT-LU-009-2024-NGFS_DISORDERLY-2040","ENT-LU-009","Atlas Asset Management Luxembourg SA","LU","2024","NGFS_DISORDERLY","disorderly_transition","2.0","2040","Delayed and uneven transition; medium physical risk and elevated transition shocks.","CSRD","67059009657.21","268236038628.84","11704265358.708351","11704.265358708351","4.251259036498801","0.623345735693822","7","[""C24.10"", ""D35.11"", ""F41.20"", ""G46.90"", ""H49.41"", ""L68.20"", ""O84.11""]","[""collateral_value_loss_physical"", ""credit_loss_physical"", ""credit_loss_transition"", ""rwa_increase_transition""]","400.0","6.33","4.11","17.4537","4.3634","Derived: loan_book_raw + scenario_model_out_raw + entity_master_raw","prepare_entity_scenario_analysis.py"
"PESA-ENT-LU-009-2024-NGFS_DISORDERLY-2050","ENT-LU-009","Atlas Asset Management Luxembourg SA","LU","2024","NGFS_DISORDERLY","disorderly_transition","2.0","2050","Delayed and uneven transition; medium physical risk and elevated transition shocks.","CSRD","67059009657.21","268236038628.84","18915181146.417294","18915.181146417293","6.798774496746781","1.0073846709843042","7","[""C24.10"", ""D35.11"", ""F41.20"", ""G46.90"", ""H49.41"", ""L68.20"", ""O84.11""]","[""collateral_value_loss_physical"", ""credit_loss_physical"", ""credit_loss_transition"", ""rwa_increase_transition""]","400.0","8.83","5.74","28.2068","7.0517","Derived: loan_book_raw + scenario_model_out_raw + entity_master_raw","prepare_entity_scenario_analysis.py"
"PESA-ENT-LU-009-2024-NGFS_HOT_HOUSE_WORLD-2025","ENT-LU-009","Atlas Asset Management Luxembourg SA","LU","2024","NGFS_HOT_HOUSE_WORLD","hot_house_world","3.5","2025","Limited climate policy response; high physical risk and lower transition cost.","CSRD","67059009657.21","268236038628.84","609152959.5818746","609.1529595818746","0.10797831776629076","0.03244226682353147","7","[""C24.10"", ""D35.11"", ""F41.20"", ""G46.90"", ""H49.41"", ""L68.20"", ""O84.11""]","[""collateral_value_loss_physical"", ""credit_loss_physical"", ""credit_loss_transition"", ""rwa_increase_transition""]","400.0","1.0","1.0","0.9084","0.2271","Derived: loan_book_raw + scenario_model_out_raw + entity_master_raw","prepare_entity_scenario_analysis.py"
"PESA-ENT-LU-009-2024-NGFS_HOT_HOUSE_WORLD-2030","ENT-LU-009","Atlas Asset Management Luxembourg SA","LU","2024","NGFS_HOT_HOUSE_WORLD","hot_house_world","3.5","2030","Limited climate policy response; high physical risk and lower transition cost.","CSRD","67059009657.21","268236038628.84","3679702482.0276895","3679.7024820276897","0.6783653184296542","0.19597358573960613","7","[""C24.10"", ""D35.11"", ""F41.20"", ""G46.90"", ""H49.41"", ""L68.20"", ""O84.11""]","[""collateral_value_loss_physical"", ""credit_loss_physical"", ""credit_loss_transition"", ""rwa_increase_transition""]","400.0","3.0","1.95","5.4873","1.3718","Derived: loan_book_raw + scenario_model_out_raw + entity_master_raw","prepare_entity_scenario_analysis.py"
"PESA-ENT-LU-009-2024-NGFS_HOT_HOUSE_WORLD-2040","ENT-LU-009","Atlas Asset Management Luxembourg SA","LU","2024","NGFS_HOT_HOUSE_WORLD","hot_house_world","3.5","2040","Limited climate policy response; high physical risk and lower transition cost.","CSRD","67059009657.21","268236038628.84","9852803472.96858","9852.80347296858","1.7692853298626607","0.5247405831357556","7","[""C24.10"", ""D35.11"", ""F41.20"", ""G46.90"", ""H49.41"", ""L68.20"", ""O84.11""]","[""collateral_value_loss_physical"", ""credit_loss_physical"", ""credit_loss_transition"", ""rwa_increase_transition""]","400.0","5.5","3.58","14.6927","3.6732","Derived: loan_book_raw + scenario_model_out_raw + entity_master_raw","prepare_entity_scenario_analysis.py"
"PESA-ENT-LU-009-2024-NGFS_HOT_HOUSE_WORLD-2050","ENT-LU-009","Atlas Asset Management Luxembourg SA","LU","2024","NGFS_HOT_HOUSE_WORLD","hot_house_world","3.5","2050","Limited climate policy response; high physical risk and lower transition cost.","CSRD","67059009657.21","268236038628.84","16027649679.093536","16027.649679093536","3.0004280566301773","0.8536005271978866","7","[""C24.10"", ""D35.11"", ""F41.20"", ""G46.90"", ""H49.41"", ""L68.20"", ""O84.11""]","[""collateral_value_loss_physical"", ""credit_loss_physical"", ""credit_loss_transition"", ""rwa_increase_transition""]","400.0","8.0","5.2","23.9008","5.9752","Derived: loan_book_raw + scenario_model_out_raw + entity_master_raw","prepare_entity_scenario_analysis.py"
"PESA-ENT-LU-009-2024-NGFS_NET_ZERO_2050-2025","ENT-LU-009","Atlas Asset Management Luxembourg SA","LU","2024","NGFS_NET_ZERO_2050","orderly_transition","1.5","2025","Orderly transition with early policy action; lower physical risk and higher near-term transition cost.","CSRD","67059009657.21","268236038628.84","857303542.8305155","857.3035428305155","0.36785876508575976","0.04565826997599636","7","[""C24.10"", ""D35.11"", ""F41.20"", ""G46.90"", ""H49.41"", ""L68.20"", ""O84.11""]","[""collateral_value_loss_physical"", ""credit_loss_physical"", ""credit_loss_transition"", ""rwa_increase_transition""]","400.0","2.17","1.41","1.2784","0.3196","Derived: loan_book_raw + scenario_model_out_raw + entity_master_raw","prepare_entity_scenario_analysis.py"
"PESA-ENT-LU-009-2024-NGFS_NET_ZERO_2050-2030","ENT-LU-009","Atlas Asset Management Luxembourg SA","LU","2024","NGFS_NET_ZERO_2050","orderly_transition","1.5","2030","Orderly transition with early policy action; lower physical risk and higher near-term transition cost.","CSRD","67059009657.21","268236038628.84","5111638452.90785","5111.6384529078505","2.221777466701429","0.272235628155675","7","[""C24.10"", ""D35.11"", ""F41.20"", ""G46.90"", ""H49.41"", ""L68.20"", ""O84.11""]","[""collateral_value_loss_physical"", ""credit_loss_physical"", ""credit_loss_transition"", ""rwa_increase_transition""]","400.0","4.67","3.04","7.6226","1.9056","Derived: loan_book_raw + scenario_model_out_raw + entity_master_raw","prepare_entity_scenario_analysis.py"
"PESA-ENT-LU-009-2024-NGFS_NET_ZERO_2050-2040","ENT-LU-009","Atlas Asset Management Luxembourg SA","LU","2024","NGFS_NET_ZERO_2050","orderly_transition","1.5","2040","Orderly transition with early policy action; lower physical risk and higher near-term transition cost.","CSRD","67059009657.21","268236038628.84","13373412846.883469","13373.412846883468","5.572524755225474","0.7122411885146931","7","[""C24.10"", ""D35.11"", ""F41.20"", ""G46.90"", ""H49.41"", ""L68.20"", ""O84.11""]","[""collateral_value_loss_physical"", ""credit_loss_physical"", ""credit_loss_transition"", ""rwa_increase_transition""]","400.0","7.17","4.66","19.9428","4.9857","Derived: loan_book_raw + scenario_model_out_raw + entity_master_raw","prepare_entity_scenario_analysis.py"
"PESA-ENT-LU-009-2024-NGFS_NET_ZERO_2050-2050","ENT-LU-009","Atlas Asset Management Luxembourg SA","LU","2024","NGFS_NET_ZERO_2050","orderly_transition","1.5","2050","Orderly transition with early policy action; lower physical risk and higher near-term transition cost.","CSRD","67059009657.21","268236038628.84","22331152695.12288","22331.15269512288","9.554731825007377","1.1893124753255442","7","[""C24.10"", ""D35.11"", ""F41.20"", ""G46.90"", ""H49.41"", ""L68.20"", ""O84.11""]","[""collateral_value_loss_physical"", ""credit_loss_physical"", ""credit_loss_transition"", ""rwa_increase_transition""]","400.0","9.67","6.29","33.3007","8.3252","Derived: loan_book_raw + scenario_model_out_raw + entity_master_raw","prepare_entity_scenario_analysis.py"
"PESA-ENT-NL-004-2024-NGFS_DISORDERLY-2025","ENT-NL-004","Atlas Bank Netherlands NV","NL","2024","NGFS_DISORDERLY","disorderly_transition","2.0","2025","Delayed and uneven transition; medium physical risk and elevated transition shocks.","CSRD","63427862956.94","253711451827.76","684998178.0849929","684.9981780849929","0.2777527987042223","0.04499850605548184","6","[""C24.10"", ""D35.11"", ""F41.20"", ""G46.90"", ""H49.41"", ""L68.20""]","[""collateral_value_loss_physical"", ""credit_loss_physical"", ""credit_loss_transition"", ""rwa_increase_transition""]","400.0","1.08","1.0","1.08","0.27","Derived: loan_book_raw + scenario_model_out_raw + entity_master_raw","prepare_entity_scenario_analysis.py"
"PESA-ENT-NL-004-2024-NGFS_DISORDERLY-2030","ENT-NL-004","Atlas Bank Netherlands NV","NL","2024","NGFS_DISORDERLY","disorderly_transition","2.0","2030","Delayed and uneven transition; medium physical risk and elevated transition shocks.","CSRD","63427862956.94","253711451827.76","4131787603.1998386","4131.7876031998385","1.699863908351297","0.27142301312731915","6","[""C24.10"", ""D35.11"", ""F41.20"", ""G46.90"", ""H49.41"", ""L68.20""]","[""collateral_value_loss_physical"", ""credit_loss_physical"", ""credit_loss_transition"", ""rwa_increase_transition""]","400.0","3.58","2.33","6.5142","1.6286","Derived: loan_book_raw + scenario_model_out_raw + entity_master_raw","prepare_entity_scenario_analysis.py"
"PESA-ENT-NL-004-2024-NGFS_DISORDERLY-2040","ENT-NL-004","Atlas Bank Netherlands NV","NL","2024","NGFS_DISORDERLY","disorderly_transition","2.0","2040","Delayed and uneven transition; medium physical risk and elevated transition shocks.","CSRD","63427862956.94","253711451827.76","11078604307.797329","11078.604307797328","4.633029049560148","0.7277692977584097","6","[""C24.10"", ""D35.11"", ""F41.20"", ""G46.90"", ""H49.41"", ""L68.20""]","[""collateral_value_loss_physical"", ""credit_loss_physical"", ""credit_loss_transition"", ""rwa_increase_transition""]","400.0","6.08","3.95","17.4665","4.3666","Derived: loan_book_raw + scenario_model_out_raw + entity_master_raw","prepare_entity_scenario_analysis.py"
"PESA-ENT-NL-004-2024-NGFS_DISORDERLY-2050","ENT-NL-004","Atlas Bank Netherlands NV","NL","2024","NGFS_DISORDERLY","disorderly_transition","2.0","2050","Delayed and uneven transition; medium physical risk and elevated transition shocks.","CSRD","63427862956.94","253711451827.76","17877906057.04447","17877.90605704447","7.409315563790722","1.1744251148467044","6","[""C24.10"", ""D35.11"", ""F41.20"", ""G46.90"", ""H49.41"", ""L68.20""]","[""collateral_value_loss_physical"", ""credit_loss_physical"", ""credit_loss_transition"", ""rwa_increase_transition""]","400.0","8.58","5.58","28.1862","7.0466","Derived: loan_book_raw + scenario_model_out_raw + entity_master_raw","prepare_entity_scenario_analysis.py"
"PESA-ENT-NL-004-2024-NGFS_HOT_HOUSE_WORLD-2025","ENT-NL-004","Atlas Bank Netherlands NV","NL","2024","NGFS_HOT_HOUSE_WORLD","hot_house_world","3.5","2025","Limited climate policy response; high physical risk and lower transition cost.","CSRD","63427862956.94","253711451827.76","567544634.0241013","567.5446340241012","0.11767494726594337","0.03728281544089154","6","[""C24.10"", ""D35.11"", ""F41.20"", ""G46.90"", ""H49.41"", ""L68.20""]","[""collateral_value_loss_physical"", ""credit_loss_physical"", ""credit_loss_transition"", ""rwa_increase_transition""]","400.0","1.0","1.0","0.8948","0.2237","Derived: loan_book_raw + scenario_model_out_raw + entity_master_raw","prepare_entity_scenario_analysis.py"
"PESA-ENT-NL-004-2024-NGFS_HOT_HOUSE_WORLD-2030","ENT-NL-004","Atlas Bank Netherlands NV","NL","2024","NGFS_HOT_HOUSE_WORLD","hot_house_world","3.5","2030","Limited climate policy response; high physical risk and lower transition cost.","CSRD","63427862956.94","253711451827.76","3439921688.9333696","3439.9216889333698","0.7392836332756346","0.22597335569941535","6","[""C24.10"", ""D35.11"", ""F41.20"", ""G46.90"", ""H49.41"", ""L68.20""]","[""collateral_value_loss_physical"", ""credit_loss_physical"", ""credit_loss_transition"", ""rwa_increase_transition""]","400.0","2.67","1.74","5.4234","1.3558","Derived: loan_book_raw + scenario_model_out_raw + entity_master_raw","prepare_entity_scenario_analysis.py"
"PESA-ENT-NL-004-2024-NGFS_HOT_HOUSE_WORLD-2040","ENT-NL-004","Atlas Bank Netherlands NV","NL","2024","NGFS_HOT_HOUSE_WORLD","hot_house_world","3.5","2040","Limited climate policy response; high physical risk and lower transition cost.","CSRD","63427862956.94","253711451827.76","9192075818.980637","9192.075818980637","1.9281700455884763","0.6038405540861543","6","[""C24.10"", ""D35.11"", ""F41.20"", ""G46.90"", ""H49.41"", ""L68.20""]","[""collateral_value_loss_physical"", ""credit_loss_physical"", ""credit_loss_transition"", ""rwa_increase_transition""]","400.0","5.17","3.36","14.4922","3.623","Derived: loan_book_raw + scenario_model_out_raw + entity_master_raw","prepare_entity_scenario_analysis.py"
"PESA-ENT-NL-004-2024-NGFS_HOT_HOUSE_WORLD-2050","ENT-NL-004","Atlas Bank Netherlands NV","NL","2024","NGFS_HOT_HOUSE_WORLD","hot_house_world","3.5","2050","Limited climate policy response; high physical risk and lower transition cost.","CSRD","63427862956.94","253711451827.76","14997326331.354961","14997.326331354963","3.2698714023625763","0.9851957294604351","6","[""C24.10"", ""D35.11"", ""F41.20"", ""G46.90"", ""H49.41"", ""L68.20""]","[""collateral_value_loss_physical"", ""credit_loss_physical"", ""credit_loss_transition"", ""rwa_increase_transition""]","400.0","7.67","4.99","23.6447","5.9112","Derived: loan_book_raw + scenario_model_out_raw + entity_master_raw","prepare_entity_scenario_analysis.py"
"PESA-ENT-NL-004-2024-NGFS_NET_ZERO_2050-2025","ENT-NL-004","Atlas Bank Netherlands NV","NL","2024","NGFS_NET_ZERO_2050","orderly_transition","1.5","2025","Orderly transition with early policy action; lower physical risk and higher near-term transition cost.","CSRD","63427862956.94","253711451827.76","813521822.3726437","813.5218223726437","0.400893083706622","0.05344140732263363","6","[""C24.10"", ""D35.11"", ""F41.20"", ""G46.90"", ""H49.41"", ""L68.20""]","[""collateral_value_loss_physical"", ""credit_loss_physical"", ""credit_loss_transition"", ""rwa_increase_transition""]","400.0","1.92","1.25","1.2826","0.3206","Derived: loan_book_raw + scenario_model_out_raw + entity_master_raw","prepare_entity_scenario_analysis.py"
"PESA-ENT-NL-004-2024-NGFS_NET_ZERO_2050-2030","ENT-NL-004","Atlas Bank Netherlands NV","NL","2024","NGFS_NET_ZERO_2050","orderly_transition","1.5","2030","Orderly transition with early policy action; lower physical risk and higher near-term transition cost.","CSRD","63427862956.94","253711451827.76","4857369237.93316","4857.36923793316","2.421296716222523","0.3190875042586264","6","[""C24.10"", ""D35.11"", ""F41.20"", ""G46.90"", ""H49.41"", ""L68.20""]","[""collateral_value_loss_physical"", ""credit_loss_physical"", ""credit_loss_transition"", ""rwa_increase_transition""]","400.0","4.42","2.87","7.6581","1.9145","Derived: loan_book_raw + scenario_model_out_raw + entity_master_raw","prepare_entity_scenario_analysis.py"
"PESA-ENT-NL-004-2024-NGFS_NET_ZERO_2050-2040","ENT-NL-004","Atlas Bank Netherlands NV","NL","2024","NGFS_NET_ZERO_2050","orderly_transition","1.5","2040","Orderly transition with early policy action; lower physical risk and higher near-term transition cost.","CSRD","63427862956.94","253711451827.76","12693866641.010834","12693.866641010834","6.072946590338862","0.8338781812674124","6","[""C24.10"", ""D35.11"", ""F41.20"", ""G46.90"", ""H49.41"", ""L68.20""]","[""collateral_value_loss_physical"", ""credit_loss_physical"", ""credit_loss_transition"", ""rwa_increase_transition""]","400.0","6.92","4.5","20.0131","5.0033","Derived: loan_book_raw + scenario_model_out_raw + entity_master_raw","prepare_entity_scenario_analysis.py"
"PESA-ENT-NL-004-2024-NGFS_NET_ZERO_2050-2050","ENT-NL-004","Atlas Bank Netherlands NV","NL","2024","NGFS_NET_ZERO_2050","orderly_transition","1.5","2050","Orderly transition with early policy action; lower physical risk and higher near-term transition cost.","CSRD","63427862956.94","253711451827.76","21175507739.99069","21175.50773999069","10.412762366621905","1.3910492666268732","6","[""C24.10"", ""D35.11"", ""F41.20"", ""G46.90"", ""H49.41"", ""L68.20""]","[""collateral_value_loss_physical"", ""credit_loss_physical"", ""credit_loss_transition"", ""rwa_increase_transition""]","400.0","9.42","6.12","33.3852","8.3463","Derived: loan_book_raw + scenario_model_out_raw + entity_master_raw","prepare_entity_scenario_analysis.py"
"PESA-ENT-UK-005-2024-NGFS_DISORDERLY-2025","ENT-UK-005","Atlas Capital Markets UK Ltd","GB","2024","NGFS_DISORDERLY","disorderly_transition","2.0","2025","Delayed and uneven transition; medium physical risk and elevated transition shocks.","voluntary","65853930120.11","263415720480.44","692056521.5337088","692.0565215337089","0.2658379672732092","0.03753201106662868","7","[""C24.10"", ""D35.11"", ""F41.20"", ""G46.90"", ""H49.41"", ""L68.20"", ""O84.11""]","[""collateral_value_loss_physical"", ""credit_loss_physical"", ""credit_loss_transition"", ""rwa_increase_transition""]","400.0","1.17","1.0","1.0509","0.2627","Derived: loan_book_raw + scenario_model_out_raw + entity_master_raw","prepare_entity_scenario_analysis.py"
"PESA-ENT-UK-005-2024-NGFS_DISORDERLY-2030","ENT-UK-005","Atlas Capital Markets UK Ltd","GB","2024","NGFS_DISORDERLY","disorderly_transition","2.0","2030","Delayed and uneven transition; medium physical risk and elevated transition shocks.","voluntary","65853930120.11","263415720480.44","4174315606.3727965","4174.3156063727965","1.626944420165556","0.2263839074686813","7","[""C24.10"", ""D35.11"", ""F41.20"", ""G46.90"", ""H49.41"", ""L68.20"", ""O84.11""]","[""collateral_value_loss_physical"", ""credit_loss_physical"", ""credit_loss_transition"", ""rwa_increase_transition""]","400.0","3.67","2.39","6.3387","1.5847","Derived: loan_book_raw + scenario_model_out_raw + entity_master_raw","prepare_entity_scenario_analysis.py"
"PESA-ENT-UK-005-2024-NGFS_DISORDERLY-2040","ENT-UK-005","Atlas Capital Markets UK Ltd","GB","2024","NGFS_DISORDERLY","disorderly_transition","2.0","2040","Delayed and uneven transition; medium physical risk and elevated transition shocks.","voluntary","65853930120.11","263415720480.44","11201268855.25638","11201.26885525638","4.4342848410480284","0.6074737157365091","7","[""C24.10"", ""D35.11"", ""F41.20"", ""G46.90"", ""H49.41"", ""L68.20"", ""O84.11""]","[""collateral_value_loss_physical"", ""credit_loss_physical"", ""credit_loss_transition"", ""rwa_increase_transition""]","400.0","6.17","4.01","17.0093","4.2523","Derived: loan_book_raw + scenario_model_out_raw + entity_master_raw","prepare_entity_scenario_analysis.py"
"PESA-ENT-UK-005-2024-NGFS_DISORDERLY-2050","ENT-UK-005","Atlas Capital Markets UK Ltd","GB","2024","NGFS_DISORDERLY","disorderly_transition","2.0","2050","Delayed and uneven transition; medium physical risk and elevated transition shocks.","voluntary","65853930120.11","263415720480.44","18088537867.80859","18088.53786780859","7.091476296738877","0.9809880874024189","7","[""C24.10"", ""D35.11"", ""F41.20"", ""G46.90"", ""H49.41"", ""L68.20"", ""O84.11""]","[""collateral_value_loss_physical"", ""credit_loss_physical"", ""credit_loss_transition"", ""rwa_increase_transition""]","400.0","8.67","5.64","27.4677","6.8669","Derived: loan_book_raw + scenario_model_out_raw + entity_master_raw","prepare_entity_scenario_analysis.py"
"PESA-ENT-UK-005-2024-NGFS_HOT_HOUSE_WORLD-2025","ENT-UK-005","Atlas Capital Markets UK Ltd","GB","2024","NGFS_HOT_HOUSE_WORLD","hot_house_world","3.5","2025","Limited climate policy response; high physical risk and lower transition cost.","voluntary","65853930120.11","263415720480.44","584128575.6722348","584.1285756722348","0.11262701555519886","0.031678800046386825","7","[""C24.10"", ""D35.11"", ""F41.20"", ""G46.90"", ""H49.41"", ""L68.20"", ""O84.11""]","[""collateral_value_loss_physical"", ""credit_loss_physical"", ""credit_loss_transition"", ""rwa_increase_transition""]","400.0","1.0","1.0","0.887","0.2218","Derived: loan_book_raw + scenario_model_out_raw + entity_master_raw","prepare_entity_scenario_analysis.py"
"PESA-ENT-UK-005-2024-NGFS_HOT_HOUSE_WORLD-2030","ENT-UK-005","Atlas Capital Markets UK Ltd","GB","2024","NGFS_HOT_HOUSE_WORLD","hot_house_world","3.5","2030","Limited climate policy response; high physical risk and lower transition cost.","voluntary","65853930120.11","263415720480.44","3532593806.2661943","3532.5938062661944","0.7075703979409073","0.19158167823757546","7","[""C24.10"", ""D35.11"", ""F41.20"", ""G46.90"", ""H49.41"", ""L68.20"", ""O84.11""]","[""collateral_value_loss_physical"", ""credit_loss_physical"", ""credit_loss_transition"", ""rwa_increase_transition""]","400.0","2.83","1.84","5.3643","1.3411","Derived: loan_book_raw + scenario_model_out_raw + entity_master_raw","prepare_entity_scenario_analysis.py"
"PESA-ENT-UK-005-2024-NGFS_HOT_HOUSE_WORLD-2040","ENT-UK-005","Atlas Capital Markets UK Ltd","GB","2024","NGFS_HOT_HOUSE_WORLD","hot_house_world","3.5","2040","Limited climate policy response; high physical risk and lower transition cost.","voluntary","65853930120.11","263415720480.44","9443357337.81315","9443.35733781315","1.845456851803594","0.5121376377228007","7","[""C24.10"", ""D35.11"", ""F41.20"", ""G46.90"", ""H49.41"", ""L68.20"", ""O84.11""]","[""collateral_value_loss_physical"", ""credit_loss_physical"", ""credit_loss_transition"", ""rwa_increase_transition""]","400.0","5.33","3.46","14.3399","3.585","Derived: loan_book_raw + scenario_model_out_raw + entity_master_raw","prepare_entity_scenario_analysis.py"
"PESA-ENT-UK-005-2024-NGFS_HOT_HOUSE_WORLD-2050","ENT-UK-005","Atlas Capital Markets UK Ltd","GB","2024","NGFS_HOT_HOUSE_WORLD","hot_house_world","3.5","2050","Limited climate policy response; high physical risk and lower transition cost.","voluntary","65853930120.11","263415720480.44","15412106770.620872","15412.106770620872","3.129602909148476","0.8358383222703729","7","[""C24.10"", ""D35.11"", ""F41.20"", ""G46.90"", ""H49.41"", ""L68.20"", ""O84.11""]","[""collateral_value_loss_physical"", ""credit_loss_physical"", ""credit_loss_transition"", ""rwa_increase_transition""]","400.0","7.83","5.09","23.4035","5.8509","Derived: loan_book_raw + scenario_model_out_raw + entity_master_raw","prepare_entity_scenario_analysis.py"
"PESA-ENT-UK-005-2024-NGFS_NET_ZERO_2050-2025","ENT-UK-005","Atlas Capital Markets UK Ltd","GB","2024","NGFS_NET_ZERO_2050","orderly_transition","1.5","2025","Orderly transition with early policy action; lower physical risk and higher near-term transition cost.","voluntary","65853930120.11","263415720480.44","818435055.3560406","818.4350553560406","0.38369587260197346","0.04438584508511647","7","[""C24.10"", ""D35.11"", ""F41.20"", ""G46.90"", ""H49.41"", ""L68.20"", ""O84.11""]","[""collateral_value_loss_physical"", ""credit_loss_physical"", ""credit_loss_transition"", ""rwa_increase_transition""]","400.0","2.0","1.3","1.2428","0.3107","Derived: loan_book_raw + scenario_model_out_raw + entity_master_raw","prepare_entity_scenario_analysis.py"
"PESA-ENT-UK-005-2024-NGFS_NET_ZERO_2050-2030","ENT-UK-005","Atlas Capital Markets UK Ltd","GB","2024","NGFS_NET_ZERO_2050","orderly_transition","1.5","2030","Orderly transition with early policy action; lower physical risk and higher near-term transition cost.","voluntary","65853930120.11","263415720480.44","4883101819.834767","4883.101819834767","2.3174297440341394","0.26482321290080674","7","[""C24.10"", ""D35.11"", ""F41.20"", ""G46.90"", ""H49.41"", ""L68.20"", ""O84.11""]","[""collateral_value_loss_physical"", ""credit_loss_physical"", ""credit_loss_transition"", ""rwa_increase_transition""]","400.0","4.5","2.92","7.415","1.8538","Derived: loan_book_raw + scenario_model_out_raw + entity_master_raw","prepare_entity_scenario_analysis.py"
"PESA-ENT-UK-005-2024-NGFS_NET_ZERO_2050-2040","ENT-UK-005","Atlas Capital Markets UK Ltd","GB","2024","NGFS_NET_ZERO_2050","orderly_transition","1.5","2040","Orderly transition with early policy action; lower physical risk and higher near-term transition cost.","voluntary","65853930120.11","263415720480.44","12756679245.63635","12756.67924563635","5.81243387813218","0.6918276350602024","7","[""C24.10"", ""D35.11"", ""F41.20"", ""G46.90"", ""H49.41"", ""L68.20"", ""O84.11""]","[""collateral_value_loss_physical"", ""credit_loss_physical"", ""credit_loss_transition"", ""rwa_increase_transition""]","400.0","7.0","4.55","19.3712","4.8428","Derived: loan_book_raw + scenario_model_out_raw + entity_master_raw","prepare_entity_scenario_analysis.py"
"PESA-ENT-UK-005-2024-NGFS_NET_ZERO_2050-2050","ENT-UK-005","Atlas Capital Markets UK Ltd","GB","2024","NGFS_NET_ZERO_2050","orderly_transition","1.5","2050","Orderly transition with early policy action; lower physical risk and higher near-term transition cost.","voluntary","65853930120.11","263415720480.44","21314110108.33863","21314.110108338635","9.966083489187387","1.1559191938379025","7","[""C24.10"", ""D35.11"", ""F41.20"", ""G46.90"", ""H49.41"", ""L68.20"", ""O84.11""]","[""collateral_value_loss_physical"", ""credit_loss_physical"", ""credit_loss_transition"", ""rwa_increase_transition""]","400.0","9.5","6.18","32.3657","8.0914","Derived: loan_book_raw + scenario_model_out_raw + entity_master_raw","prepare_entity_scenario_analysis.py"
"PESA-ENT-US-010-2024-NGFS_DISORDERLY-2025","ENT-US-010","Atlas Securities USA Inc.","US","2024","NGFS_DISORDERLY","disorderly_transition","2.0","2025","Delayed and uneven transition; medium physical risk and elevated transition shocks.","SEC_climate","62040849251.57","248163397006.28","665431912.4143081","665.431912414308","0.2575161032002402","0.03830609305008303","7","[""C24.10"", ""D35.11"", ""F41.20"", ""G46.90"", ""H49.41"", ""L68.20"", ""O84.11""]","[""collateral_value_loss_physical"", ""credit_loss_physical"", ""credit_loss_transition"", ""rwa_increase_transition""]","400.0","1.0","1.0","1.0726","0.2682","Derived: loan_book_raw + scenario_model_out_raw + entity_master_raw","prepare_entity_scenario_analysis.py"
"PESA-ENT-US-010-2024-NGFS_DISORDERLY-2030","ENT-US-010","Atlas Securities USA Inc.","US","2024","NGFS_DISORDERLY","disorderly_transition","2.0","2030","Delayed and uneven transition; medium physical risk and elevated transition shocks.","SEC_climate","62040849251.57","248163397006.28","4014588985.62349","4014.5889856234903","1.5760141092781788","0.2311028617235659","7","[""C24.10"", ""D35.11"", ""F41.20"", ""G46.90"", ""H49.41"", ""L68.20"", ""O84.11""]","[""collateral_value_loss_physical"", ""credit_loss_physical"", ""credit_loss_transition"", ""rwa_increase_transition""]","400.0","3.42","2.22","6.4709","1.6177","Derived: loan_book_raw + scenario_model_out_raw + entity_master_raw","prepare_entity_scenario_analysis.py"
"PESA-ENT-US-010-2024-NGFS_DISORDERLY-2040","ENT-US-010","Atlas Securities USA Inc.","US","2024","NGFS_DISORDERLY","disorderly_transition","2.0","2040","Delayed and uneven transition; medium physical risk and elevated transition shocks.","SEC_climate","62040849251.57","248163397006.28","10760366611.791826","10760.366611791827","4.295472781632515","0.6194286703034918","7","[""C24.10"", ""D35.11"", ""F41.20"", ""G46.90"", ""H49.41"", ""L68.20"", ""O84.11""]","[""collateral_value_loss_physical"", ""credit_loss_physical"", ""credit_loss_transition"", ""rwa_increase_transition""]","400.0","5.92","3.85","17.344","4.336","Derived: loan_book_raw + scenario_model_out_raw + entity_master_raw","prepare_entity_scenario_analysis.py"
"PESA-ENT-US-010-2024-NGFS_DISORDERLY-2050","ENT-US-010","Atlas Securities USA Inc.","US","2024","NGFS_DISORDERLY","disorderly_transition","2.0","2050","Delayed and uneven transition; medium physical risk and elevated transition shocks.","SEC_climate","62040849251.57","248163397006.28","17376493176.516544","17376.493176516546","6.869482792863294","1.000291017136171","7","[""C24.10"", ""D35.11"", ""F41.20"", ""G46.90"", ""H49.41"", ""L68.20"", ""O84.11""]","[""collateral_value_loss_physical"", ""credit_loss_physical"", ""credit_loss_transition"", ""rwa_increase_transition""]","400.0","8.42","5.47","28.0081","7.002","Derived: loan_book_raw + scenario_model_out_raw + entity_master_raw","prepare_entity_scenario_analysis.py"
"PESA-ENT-US-010-2024-NGFS_HOT_HOUSE_WORLD-2025","ENT-US-010","Atlas Securities USA Inc.","US","2024","NGFS_HOT_HOUSE_WORLD","hot_house_world","3.5","2025","Limited climate policy response; high physical risk and lower transition cost.","SEC_climate","62040849251.57","248163397006.28","570014161.2429221","570.0141612429221","0.10910130880981413","0.032813297789123154","7","[""C24.10"", ""D35.11"", ""F41.20"", ""G46.90"", ""H49.41"", ""L68.20"", ""O84.11""]","[""collateral_value_loss_physical"", ""credit_loss_physical"", ""credit_loss_transition"", ""rwa_increase_transition""]","400.0","1.0","1.0","0.9188","0.2297","Derived: loan_book_raw + scenario_model_out_raw + entity_master_raw","prepare_entity_scenario_analysis.py"
"PESA-ENT-US-010-2024-NGFS_HOT_HOUSE_WORLD-2030","ENT-US-010","Atlas Securities USA Inc.","US","2024","NGFS_HOT_HOUSE_WORLD","hot_house_world","3.5","2030","Limited climate policy response; high physical risk and lower transition cost.","SEC_climate","62040849251.57","248163397006.28","3439935563.0282845","3439.935563028285","0.6854204216447479","0.19802250133385385","7","[""C24.10"", ""D35.11"", ""F41.20"", ""G46.90"", ""H49.41"", ""L68.20"", ""O84.11""]","[""collateral_value_loss_physical"", ""credit_loss_physical"", ""credit_loss_transition"", ""rwa_increase_transition""]","400.0","2.75","1.79","5.5446","1.3862","Derived: loan_book_raw + scenario_model_out_raw + entity_master_raw","prepare_entity_scenario_analysis.py"
"PESA-ENT-US-010-2024-NGFS_HOT_HOUSE_WORLD-2040","ENT-US-010","Atlas Securities USA Inc.","US","2024","NGFS_HOT_HOUSE_WORLD","hot_house_world","3.5","2040","Limited climate policy response; high physical risk and lower transition cost.","SEC_climate","62040849251.57","248163397006.28","9214740753.301352","9214.740753301352","1.7876861682899967","0.5304535447476143","7","[""C24.10"", ""D35.11"", ""F41.20"", ""G46.90"", ""H49.41"", ""L68.20"", ""O84.11""]","[""collateral_value_loss_physical"", ""credit_loss_physical"", ""credit_loss_transition"", ""rwa_increase_transition""]","400.0","5.25","3.41","14.8527","3.7132","Derived: loan_book_raw + scenario_model_out_raw + entity_master_raw","prepare_entity_scenario_analysis.py"
"PESA-ENT-US-010-2024-NGFS_HOT_HOUSE_WORLD-2050","ENT-US-010","Atlas Securities USA Inc.","US","2024","NGFS_HOT_HOUSE_WORLD","hot_house_world","3.5","2050","Limited climate policy response; high physical risk and lower transition cost.","SEC_climate","62040849251.57","248163397006.28","15009908917.443544","15009.908917443545","3.031632967986777","0.8640567982060917","7","[""C24.10"", ""D35.11"", ""F41.20"", ""G46.90"", ""H49.41"", ""L68.20"", ""O84.11""]","[""collateral_value_loss_physical"", ""credit_loss_physical"", ""credit_loss_transition"", ""rwa_increase_transition""]","400.0","7.75","5.04","24.1936","6.0484","Derived: loan_book_raw + scenario_model_out_raw + entity_master_raw","prepare_entity_scenario_analysis.py"
"PESA-ENT-US-010-2024-NGFS_NET_ZERO_2050-2025","ENT-US-010","Atlas Securities USA Inc.","US","2024","NGFS_NET_ZERO_2050","orderly_transition","1.5","2025","Orderly transition with early policy action; lower physical risk and higher near-term transition cost.","SEC_climate","62040849251.57","248163397006.28","783459432.7046028","783.4594327046028","0.37168455258660776","0.04510043682945928","7","[""C24.10"", ""D35.11"", ""F41.20"", ""G46.90"", ""H49.41"", ""L68.20"", ""O84.11""]","[""collateral_value_loss_physical"", ""credit_loss_physical"", ""credit_loss_transition"", ""rwa_increase_transition""]","400.0","1.75","1.14","1.2628","0.3157","Derived: loan_book_raw + scenario_model_out_raw + entity_master_raw","prepare_entity_scenario_analysis.py"
"PESA-ENT-US-010-2024-NGFS_NET_ZERO_2050-2030","ENT-US-010","Atlas Securities USA Inc.","US","2024","NGFS_NET_ZERO_2050","orderly_transition","1.5","2030","Orderly transition with early policy action; lower physical risk and higher near-term transition cost.","SEC_climate","62040849251.57","248163397006.28","4670920293.050775","4670.9202930507745","2.2448842926589143","0.2688850715409074","7","[""C24.10"", ""D35.11"", ""F41.20"", ""G46.90"", ""H49.41"", ""L68.20"", ""O84.11""]","[""collateral_value_loss_physical"", ""credit_loss_physical"", ""credit_loss_transition"", ""rwa_increase_transition""]","400.0","4.25","2.76","7.5288","1.8822","Derived: loan_book_raw + scenario_model_out_raw + entity_master_raw","prepare_entity_scenario_analysis.py"
"PESA-ENT-US-010-2024-NGFS_NET_ZERO_2050-2040","ENT-US-010","Atlas Securities USA Inc.","US","2024","NGFS_NET_ZERO_2050","orderly_transition","1.5","2040","Orderly transition with early policy action; lower physical risk and higher near-term transition cost.","SEC_climate","62040849251.57","248163397006.28","12206262763.532677","12206.262763532677","5.630479866208728","0.7026627796031031","7","[""C24.10"", ""D35.11"", ""F41.20"", ""G46.90"", ""H49.41"", ""L68.20"", ""O84.11""]","[""collateral_value_loss_physical"", ""credit_loss_physical"", ""credit_loss_transition"", ""rwa_increase_transition""]","400.0","6.75","4.39","19.6746","4.9187","Derived: loan_book_raw + scenario_model_out_raw + entity_master_raw","prepare_entity_scenario_analysis.py"
"PESA-ENT-US-010-2024-NGFS_NET_ZERO_2050-2050","ENT-US-010","Atlas Securities USA Inc.","US","2024","NGFS_NET_ZERO_2050","orderly_transition","1.5","2050","Orderly transition with early policy action; lower physical risk and higher near-term transition cost.","SEC_climate","62040849251.57","248163397006.28","20395475288.903263","20395.47528890326","9.65410249946051","1.1740810136123532","7","[""C24.10"", ""D35.11"", ""F41.20"", ""G46.90"", ""H49.41"", ""L68.20"", ""O84.11""]","[""collateral_value_loss_physical"", ""credit_loss_physical"", ""credit_loss_transition"", ""rwa_increase_transition""]","400.0","9.25","6.01","32.8743","8.2186","Derived: loan_book_raw + scenario_model_out_raw + entity_master_raw","prepare_entity_scenario_analysis.py"
